seed 1,seed 2,mean_reward,std_reward,upper,lower,timesteps
-31.410381,1.6365049999999999,-14.886938,23.36767718769878,8.48073918769878,-38.25461518769878,150
-0.802225,-4.936939,-2.869582,2.9236843076669543,0.05410230766695445,-5.793266307666954,300
4.303355000000001,-35.708334,-15.7024895,28.292536618627192,12.590047118627192,-43.995026118627194,450
-23.455502,-18.998145,-21.226823500000002,3.1518273608693246,-18.074996139130675,-24.378650860869328,600
-11.052588,-16.115060999999997,-13.583824499999999,3.579708987873803,-10.004115512126196,-17.163533487873803,750
-18.844345999999998,-6.298914,-12.571629999999999,8.87096004011471,-3.700669959885289,-21.44259004011471,900
-11.951829,-20.059823,-16.005826,5.733217539219841,-10.272608460780159,-21.73904353921984,1050
-7.793635000000001,-34.284946000000005,-21.039290500000003,18.73218565062178,-2.3071048493782236,-39.77147615062178,1200
1.6282889999999999,8.205024,4.9166565,4.650453916566908,9.567110416566909,0.2662025834330919,1350
-16.868864000000002,-17.067381,-16.9681225,0.1403727168808091,-16.82774978311919,-17.108495216880808,1500
-8.740905,-31.464246999999997,-20.102576,16.067829219421082,-4.034746780578917,-36.170405219421085,1650
-1.610538,-21.864325,-11.7374315,14.321590132407943,2.5841586324079433,-26.05902163240794,1800
-30.411284999999996,-26.023704000000002,-28.2174945,3.1024882781052487,-25.115006221894753,-31.31998277810525,1950
-9.192332,-28.5766,-18.884466,13.706747351137395,-5.177718648862605,-32.5912133511374,2100
-33.038352,-15.519507999999998,-24.278930000000003,12.387693390949265,-11.891236609050738,-36.66662339094927,2250
-2.5951560000000002,-28.003629999999998,-15.299392999999998,17.96650426500208,2.667111265002081,-33.26589726500208,2400
-21.446935,-14.981425,-18.21418,4.571805964829435,-13.642374035170564,-22.785985964829436,2550
-13.912088,-4.349163,-9.1306255,6.7620091154783655,-2.3686163845216353,-15.892634615478366,2700
-10.639858,-5.064245,-7.8520515,3.94255376157187,-3.9094977384281298,-11.79460526157187,2850
-30.494847999999998,-19.422562,-24.958705,7.829288513836873,-17.129416486163127,-32.787993513836874,3000
-22.218733,-12.930674,-17.5747035,6.5676495029607445,-11.007053997039254,-24.142353002960743,3150
-8.684258,-27.464027,-18.0741425,13.27930200901691,-4.794840490983091,-31.35344450901691,3300
-21.159739000000002,-24.680032,-22.9198855,2.489223052063534,-20.430662447936466,-25.409108552063532,3450
-7.958442999999999,8.158435,0.09999600000000086,11.396353725356281,11.496349725356282,-11.29635772535628,3600
-2.961591,-18.008785999999997,-10.485188499999998,10.63997362233631,0.15478512233631214,-21.125162122336306,3750
-16.881018,-12.708967,-14.7949925,2.950085553556118,-11.844906946443881,-17.745078053556117,3900
-7.123978,4.511544000000001,-1.3062169999999997,8.227556508845261,6.921339508845261,-9.533773508845261,4050
-18.267369,-17.358983,-17.813176,0.6423259005349232,-17.170850099465074,-18.455501900534923,4200
-14.226447,-0.005754,-7.1161005,10.055548453472069,2.9394479534720688,-17.17164895347207,4350
-18.371218,-19.048561,-18.7098895,0.47895382848924,-18.23093567151076,-19.188843328489238,4500
1.510716,-9.886089,-4.1876865,8.058758099360752,3.871071599360752,-12.246444599360752,4650
-20.451225,-21.270856,-20.8610405,0.5795666381707094,-20.28147386182929,-21.440607138170712,4800
-12.35564,-11.640018,-11.997829,0.5060211689662794,-11.49180783103372,-12.503850168966279,4950
-16.061788,-16.984488,-16.523138,0.6524474270008267,-15.870690572999173,-17.175585427000826,5100
5.726281,-19.174353,-6.724036,17.607407157244307,10.883371157244307,-24.33144315724431,5250
-7.714242,-18.017284,-12.865763,7.285350865049809,-5.5804121349501905,-20.15111386504981,5400
-2.9581020000000002,3.808792,0.42534499999999986,4.784916634970562,5.210261634970562,-4.359571634970562,5550
-3.656962,-11.302364,-7.479663,5.406115599097193,-2.0735474009028074,-12.885778599097193,5700
2.507129,-18.0741,-7.783485500000001,14.553126591053227,6.769641091053225,-22.336612091053226,5850
-10.185922999999999,0.686519,-4.749701999999999,7.687977466257428,2.938275466257429,-12.437679466257428,6000
-3.345365,-12.800035000000001,-8.072700000000001,6.685461270881016,-1.3872387291189847,-14.758161270881018,6150
-28.124209000000004,-30.585129,-29.354669,1.7401332199575945,-27.614535780042406,-31.094802219957597,6300
-1.778414,-10.523330999999999,-6.150872499999999,6.183590111613519,0.032717611613519715,-12.334462611613517,6450
-2.890069,-9.996738,-6.4434035000000005,5.025173841548221,-1.4182296584517795,-11.468577341548222,6600
-21.597909,-32.122186,-26.8600475,7.441787633785613,-19.418259866214388,-34.301835133785616,6750
-29.998369,4.372577,-12.812896,24.303928992396642,11.491032992396642,-37.116824992396644,6900
-20.198857999999998,-26.106427,-23.1526425,4.177282100227433,-18.975360399772566,-27.329924600227432,7050
-5.208034,-45.439852,-25.323943,28.448191327263007,3.1242483272630075,-53.772134327263004,7200
3.316575,5.375096,4.3458355,1.4555941583149132,5.8014296583149125,2.8902413416850865,7350
-17.861045,-9.471185,-13.666115000000001,5.932526899205768,-7.7335881007942335,-19.59864189920577,7500
-0.36399499999999996,-15.551564,-7.9577795,10.739233029638592,2.7814535296385925,-18.69701252963859,7650
-1.061432,-5.0544459999999996,-3.0579389999999997,2.8234872767728207,-0.234451723227179,-5.881426276772821,7800
-5.040563,-15.348726999999998,-10.194645,7.288972665983045,-2.9056723340169546,-17.483617665983044,7950
-9.862159,-0.736302,-5.2992305,6.4529553688387224,1.1537248688387223,-11.752185868838723,8100
1.668741,-16.821588000000002,-7.576423500000001,13.074637022270277,5.498213522270277,-20.651060522270278,8250
-17.012310999999997,-1.270775,-9.141542999999999,11.130946851892158,1.9894038518921597,-20.272489851892157,8400
-4.984087000000001,-2.849335,-3.9167110000000003,1.5094976153515451,-2.407213384648455,-5.426208615351546,8550
-20.608164000000002,3.010593,-8.798785500000001,16.70098323789724,7.9021977378972394,-25.49976873789724,8700
-4.0719080000000005,-31.157899,-17.6149035,19.152687911257797,1.537784411257796,-36.7675914112578,8850
-6.558547999999999,-14.374978,-10.466763,5.5270506576699665,-4.939712342330034,-15.993813657669968,9000
-30.843844,-17.875933,-24.3598885,9.169697805923624,-15.190190694076376,-33.52958630592362,9150
-27.005792,-7.067463,-17.0366275,14.098527641428396,-2.938099858571606,-31.1351551414284,9300
-20.244125,-1.10146,-10.6727925,13.535908231482383,2.8631157314823827,-24.20870073148238,9450
-13.448254,6.720687,-3.3637835000000003,14.261594950451387,10.897811450451387,-17.625378450451386,9600
-44.97892,-30.405152,-37.692036,10.30521018023951,-27.386825819760492,-47.997246180239515,9750
-34.802633,-24.712553,-29.757593,7.1347639907147595,-22.62282900928524,-36.89235699071476,9900
4.384822,-23.775265,-9.6952215,19.912188476503143,10.216966976503143,-29.607409976503142,10050
-12.708047,-9.306780999999999,-11.007414,2.4050582532192446,-8.602355746780756,-13.412472253219246,10200
-31.325159000000003,2.860465,-14.232347,24.17288654949359,9.94053954949359,-38.40523354949359,10350
-28.82145,-22.757163000000002,-25.789306500000002,4.2880984607614225,-21.50120803923858,-30.077404960761424,10500
-0.814736,-13.938466,-7.376601,9.27987847746133,1.9032774774613292,-16.65647947746133,10650
1.477483,-13.548860000000001,-6.035688500000001,10.625229031735012,4.589540531735011,-16.660917531735013,10800
-5.931617,-2.077506,-4.0045615,2.725268023545666,-1.2792934764543342,-6.729829523545666,10950
-13.188673000000001,11.683322,-0.7526755000000005,17.587156326137904,16.834480826137906,-18.339831826137903,11100
-23.147853,-26.970596,-25.0592245,2.7030874980334056,-22.356137001966594,-27.762311998033404,11250
-19.007819,-13.172424,-16.090121500000002,4.126247375402075,-11.963874124597927,-20.216368875402075,11400
-10.403736,-19.923645,-15.163690500000001,6.731592210178845,-8.432098289821155,-21.895282710178847,11550
-22.609928,-13.756886999999999,-18.1834075,6.260045325222534,-11.923362174777466,-24.443452825222536,11700
-0.844994,-23.324707999999998,-12.084850999999999,15.895558208534167,3.8107072085341684,-27.980409208534166,11850
9.061309,-1.7525169999999999,3.6543959999999998,7.646529695171398,11.300925695171397,-3.992133695171398,12000
-11.529551,-24.712664999999998,-18.121108,9.32186930655531,-8.79923869344469,-27.44297730655531,12150
-16.815358,-13.026351,-14.9208545,2.6792325436632964,-12.241621956336704,-17.600087043663297,12300
-18.758947,-21.850720000000003,-20.3048335,2.186213654189478,-18.11861984581052,-22.49104715418948,12450
2.130728,-17.973301,-7.9212865,14.215695235071005,6.294408735071005,-22.136981735071004,12600
-15.537973999999998,-11.82722,-13.682597,2.6238993167151046,-11.058697683284894,-16.306496316715105,12750
-30.325027000000002,-16.078648,-23.201837500000003,10.073711198253626,-13.128126301746377,-33.27554869825363,12900
-5.726975,-11.877361,-8.802168,4.348979647514805,-4.453188352485195,-13.151147647514804,13050
-10.426557,-9.460664999999999,-9.943611,0.6829887830938381,-9.260622216906162,-10.62659978309384,13200
-7.773611,5.469432,-1.1520894999999998,9.36424550884504,8.212156008845039,-10.51633500884504,13350
-16.279413,-19.111472,-17.6954425,2.002568123620391,-15.692874376379608,-19.69801062362039,13500
-12.716287,-27.708090999999996,-20.212189,10.600806270619605,-9.611382729380393,-30.812995270619602,13650
-22.425748000000002,-13.55146,-17.988604000000002,6.275069223002406,-11.713534776997596,-24.263673223002407,13800
3.881217,-6.858583,-1.4886830000000002,7.5941854085872835,6.1055024085872835,-9.082868408587284,13950
-15.079034,-6.209932,-10.644483000000001,6.271402167235171,-4.37308083276483,-16.91588516723517,14100
-9.187755000000001,-11.26572,-10.2267375,1.4693431425683035,-8.757394357431696,-11.696080642568305,14250
-4.926643,-13.074569,-9.000606000000001,5.761453727206181,-3.2391522727938202,-14.762059727206182,14400
5.382841,-22.50318,-8.5601695,19.71839454941047,11.158225049410468,-28.27856404941047,14550
-19.518811,4.743112,-7.3878495,17.155770277925864,9.767920777925864,-24.543619777925862,14700
-2.857968,-2.6646549999999998,-2.7613114999999997,0.13669293319151526,-2.6246185668084845,-2.898004433191515,14850
-7.705402,-25.960667,-16.8330345,12.908421673857442,-3.9246128261425586,-29.741456173857443,15000
4.092499,-6.160011,-1.033756,7.249619345182891,6.215863345182891,-8.283375345182892,15150
-2.019991,1.8810069999999999,-0.06949200000000011,2.7584221391951598,2.6889301391951594,-2.82791413919516,15300
-7.014508,-10.369869,-8.6921885,2.3725985164288748,-6.319589983571126,-11.064787016428875,15450
-15.526554,-19.4748,-17.500677,2.79183152039266,-14.70884547960734,-20.29250852039266,15600
-22.052357,-0.600931,-11.326644,15.168448790721417,3.841804790721417,-26.495092790721415,15750
-1.23169,-26.608942,-13.920316,17.944426977079875,4.024110977079875,-31.864742977079874,15900
-5.315585,-50.275489,-27.795537,31.791452999896183,3.9959159998961837,-59.58698999989618,16050
-31.788833,-15.150985999999998,-23.4699095,11.764734438044258,-11.705175061955742,-35.23464393804426,16200
-11.080267,-2.327747,-6.704007,6.188966244470881,-0.5150407555291192,-12.89297324447088,16350
-14.935899,-14.733694,-14.8347965,0.14298052668982536,-14.691815973310174,-14.977777026689825,16500
-14.197308999999999,5.092854,-4.552227499999999,13.640205067493834,9.087977567493835,-18.19243256749383,16650
-16.824683,-7.548533,-12.186608,6.559228568303593,-5.627379431696407,-18.74583656830359,16800
0.02725,-28.035784999999997,-14.0042675,19.843562349175425,5.839294849175426,-33.847829849175426,16950
-3.743703,-16.013946,-9.8788245,8.676372032106766,-1.2024524678932345,-18.555196532106766,17100
-14.391862,4.556072,-4.917895,13.398212620875144,8.480317620875145,-18.316107620875144,17250
7.897734,-33.372824,-12.737545,29.18269142515272,16.445146425152718,-41.92023642515272,17400
-3.3189839999999995,-40.109803,-21.7143935,26.015037600306872,4.300644100306872,-47.72943110030687,17550
-26.581241,-3.1389869999999997,-14.860114,16.57617676969747,1.7160627696974693,-31.436290769697468,17700
-11.62381,-42.826915,-27.2253625,22.063927139575867,-5.161435360424132,-49.28928963957587,17850
-4.403386,-10.37606,-7.389723,4.223318287216582,-3.166404712783418,-11.613041287216582,18000
5.54199,-15.806308,-5.132159,15.09552628259121,9.96336728259121,-20.22768528259121,18150
-15.907860999999999,-18.62814,-17.2680005,1.92352772761936,-15.34447277238064,-19.191528227619358,18300
-15.204684,-24.955379999999998,-20.080032,6.894783262888542,-13.185248737111458,-26.97481526288854,18450
-17.610805,2.584363,-7.513221,14.280140240001566,6.766919240001567,-21.793361240001566,18600
-19.953445000000002,-15.524273,-17.738859,3.131897556241584,-14.606961443758419,-20.870756556241584,18750
-19.378563,-5.199486,-12.2890245,10.026121497666209,-2.2629030023337915,-22.315145997666207,18900
-8.770691000000001,-8.544955,-8.657823,0.15961945635792738,-8.498203543642074,-8.817442456357927,19050
-3.837081,-15.861958999999999,-9.84952,8.502872776740928,-1.3466472232590725,-18.352392776740928,19200
-25.60246,-37.099235,-31.3508475,8.129447564275969,-23.22139993572403,-39.48029506427597,19350
-28.738207,-10.067093,-19.40265,13.202471321707085,-6.200178678292916,-32.60512132170709,19500
-5.2717480000000005,-29.73913,-17.505439,17.30105173008167,-0.20438726991832823,-34.80649073008167,19650
-15.543307999999998,-6.843516999999999,-11.193412499999999,6.151681211005695,-5.0417312889943044,-17.345093711005696,19800
-6.179562000000001,-11.550272999999999,-8.8649175,3.7976661678931825,-5.067251332106818,-12.662583667893184,19950
-32.212871,-12.208287,-22.210579,14.145377001215909,-8.06520199878409,-36.35595600121591,20100
-24.944948999999998,0.17515,-12.3848995,17.76259234697741,5.377692846977411,-30.14749184697741,20250
-6.045505,-14.805507999999998,-10.4255065,6.194257524514498,-4.231248975485501,-16.619764024514495,20400
-13.090011,2.429425,-5.330293,10.973898435790629,5.6436054357906285,-16.304191435790628,20550
2.407803,-14.159285,-5.8757410000000005,11.714700269314278,5.8389592693142776,-17.59044126931428,20700
-20.300380999999998,-30.118571000000003,-25.209476000000002,6.942508727977953,-18.26696727202205,-32.151984727977954,20850
-1.2814809999999999,-4.85884,-3.0701605,2.5295748076387263,-0.5405856923612737,-5.599735307638726,21000
-16.777592000000002,-10.520552,-13.649072,4.424395414155477,-9.224676585844524,-18.073467414155477,21150
-20.555936,-9.027042999999999,-14.791489499999999,8.15215841987412,-6.63933108012588,-22.943647919874117,21300
0.073716,-1.761966,-0.844125,1.2980231903020838,0.4538981903020838,-2.142148190302084,21450
-22.662465,-18.580541,-20.621503,2.8863561406881173,-17.735146859311882,-23.50785914068812,21600
-2.49024,-5.54548,-4.017860000000001,2.1603809221523878,-1.857479077847613,-6.178240922152389,21750
-17.27617,-5.398708,-11.337439,8.398633923485534,-2.938805076514466,-19.736072923485533,21900
-5.750458999999999,-15.097057000000001,-10.423758,6.6090428268246235,-3.814715173175376,-17.032800826824623,22050
-2.494791,-10.200088000000001,-6.3474395,5.448467759756362,-0.8989717402436384,-11.795907259756362,22200
-13.881217000000001,-8.140952,-11.0110845,4.058980307307798,-6.952104192692203,-15.070064807307798,22350
-5.517334,3.7264589999999997,-0.8954375000000001,6.536348714184739,5.640911214184739,-7.431786214184739,22500
-21.631954999999998,12.836019,-4.397967999999999,24.37253814916161,19.97457014916161,-28.77050614916161,22650
-1.003966,10.607878999999999,4.801956499999999,8.210814341587106,13.012770841587106,-3.408857841587107,22800
-0.066258,-11.815142999999999,-5.940700499999999,8.307716254880908,2.367015754880909,-14.248416754880907,22950
-26.806163,-11.428417,-19.11729,10.873708475964309,-8.243581524035692,-29.99099847596431,23100
-8.539663000000001,4.62701,-1.9563265000000003,9.310243763965824,7.3539172639658235,-11.266570263965825,23250
-28.742261,14.823835,-6.959212999999999,30.805881911424127,23.84666891142413,-37.76509491142413,23400
-32.341276,1.6851919999999998,-15.328042,24.060346262627064,8.732304262627064,-39.38838826262706,23550
-22.709064,6.392322,-8.158371,20.57778738252726,12.419416382527258,-28.736158382527258,23700
-18.337661999999998,6.634322,-5.851669999999999,17.657859226081964,11.806189226081965,-23.509529226081963,23850
-1.7494900000000002,-0.612848,-1.1811690000000001,0.80372726598144,-0.3774417340185602,-1.98489626598144,24000
-26.478371000000003,2.902241,-11.788065000000001,20.775229980610852,8.987164980610851,-32.563294980610856,24150
-28.406503000000004,2.8404700000000003,-12.783016500000002,22.094946499852963,9.31192999985296,-34.87796299985297,24300
-9.44171,-6.6525669999999995,-8.047138499999999,1.9722219289989915,-6.074916571001007,-10.01936042899899,24450
-17.133529,-5.683930999999999,-11.408729999999998,8.096088387659933,-3.312641612340066,-19.50481838765993,24600
0.978457,4.516122,2.7472895,2.5015069110663077,5.248796411066308,0.2457825889336922,24750
-21.248556,-6.343894000000001,-13.796225,10.53918757149345,-3.2570374285065498,-24.33541257149345,24900
-6.700717999999999,3.384349,-1.6581844999999997,7.13121926442067,5.47303476442067,-8.789403764420669,25050
-3.637711,-29.987028000000002,-16.812369500000003,18.63178073033398,1.8194112303339764,-35.44415023033398,25200
-12.412074,3.89497,-4.258552,11.530821393507402,7.272269393507402,-15.789373393507402,25350
-11.436558999999999,-9.705244,-10.5709015,1.2242245768699864,-9.346676923130014,-11.795126076869986,25500
-20.568563,6.0003,-7.284131500000001,18.78702319571636,11.502891695716357,-26.07115469571636,25650
-7.816827,-10.374016000000001,-9.0954215,1.808205682675647,-7.287215817324354,-10.903627182675647,25800
-22.390783,-2.168409,-12.279596,14.299377787090528,2.019781787090528,-26.578973787090526,25950
3.5696220000000003,-29.012362,-12.72137,23.038941830911593,10.317571830911593,-35.76031183091159,26100
-14.626756,-13.993468,-14.310112,0.44780223924406654,-13.862309760755934,-14.757914239244066,26250
-7.812378,-15.278551,-11.5454645,5.279381557811909,-6.26608294218809,-16.82484605781191,26400
-10.029937,0.541529,-4.744204,7.4751552956830265,2.7309512956830266,-12.219359295683027,26550
-9.894333,-28.437006,-19.1656695,13.111649819624704,-6.054019680375296,-32.2773193196247,26700
-15.445626999999998,-3.3176639999999997,-9.3816455,8.575764879279543,-0.8058806207204565,-17.957410379279544,26850
4.994878,-9.586119,-2.2956205,10.310321855160705,8.014701355160705,-12.605942355160705,27000
-12.467903999999999,-0.5268079999999999,-6.497356,8.443629956399556,1.9462739563995566,-14.940985956399556,27150
-5.9589620000000005,-22.321964,-14.140463,11.570389674769041,-2.5700733252309593,-25.710852674769043,27300
-9.557048,-2.629337,-6.0931925,4.898631426200638,-1.1945610737993615,-10.991823926200638,27450
-9.634621000000001,-16.968725,-13.301673000000001,5.185994672327381,-8.115678327672619,-18.487667672327383,27600
-14.468992000000002,-15.456887,-14.962939500000001,0.6985472536002831,-14.264392246399717,-15.661486753600284,27750
-5.416134,-5.13783,-5.276982,0.19679064563134052,-5.08019135436866,-5.473772645631341,27900
-18.074235,-7.062011999999999,-12.5681235,7.786817559238467,-4.781305940761533,-20.354941059238467,28050
-6.021967,-19.406129999999997,-12.714048499999999,9.464032417806084,-3.2500160821939144,-22.178080917806085,28200
-29.789236,-14.210578,-21.999907,11.015774713586058,-10.984132286413942,-33.01568171358606,28350
-14.079539000000002,-10.19238,-12.135959500000002,2.7486364884503205,-9.387323011549682,-14.884595988450322,28500
-30.897477000000002,-10.314592999999999,-20.606035,14.554296852776092,-6.051738147223906,-35.16033185277609,28650
-8.484036,-9.959074000000001,-9.221555,1.0430093723078437,-8.178545627692156,-10.264564372307845,28800
-23.507709,2.523254,-10.492227499999998,18.406670458116114,7.9144429581161155,-28.898897958116113,28950
-1.385185,-21.749903,-11.567544,14.400030194751746,2.8324861947517466,-25.967574194751748,29100
-3.01047,-2.640641,-2.8255555,0.2615085937794398,-2.56404690622056,-3.08706409377944,29250
-0.6515529999999999,-24.007122,-12.3293375,16.514881218370313,4.1855437183703135,-28.844218718370314,29400
-23.554507,-17.600764,-20.5776355,4.209932048741939,-16.36770345125806,-24.78756754874194,29550
8.880773,4.245129,6.562951,3.277895307566731,9.840846307566732,3.285055692433269,29700
-11.958848,6.873686,-2.5425809999999998,13.316612498326215,10.774031498326215,-15.859193498326215,29850
-29.584652000000002,-4.102951999999999,-16.843802,18.01828286616125,1.1744808661612502,-34.862084866161254,30000
-15.249275,-6.674453999999999,-10.9618645,6.063314076560814,-4.898550423439187,-17.025178576560815,30150
-3.503708,4.2182830000000004,0.3572875000000002,5.46027220036149,5.81755970036149,-5.10298470036149,30300
-9.525585000000001,-3.335776,-6.430680500000001,4.3768559181495235,-2.0538245818504777,-10.807536418149525,30450
-38.992574,-7.065911,-23.0292425,22.575559907957643,-0.4536825920423553,-45.60480240795764,30600
-28.299225,-9.670026,-18.9846255,13.17283294097365,-5.811792559026349,-32.15745844097365,30750
-7.0671610000000005,-29.725122,-18.3961415,16.021597870960328,-2.374543629039671,-34.41773937096033,30900
-6.690519999999999,-10.743971,-8.7172455,2.866222689307393,-5.851022810692608,-11.583468189307393,31050
-17.151016000000002,-13.697534,-15.424275000000002,2.4419805409056825,-12.98229445909432,-17.866255540905684,31200
-12.995374,-6.492294,-9.743834,4.598371966598613,-5.145462033401387,-14.342205966598613,31350
-27.780957,-1.008348,-14.394652500000001,18.931093373955996,4.5364408739559945,-33.325745873955995,31500
-7.0169440000000005,2.3562279999999998,-2.3303580000000004,6.627833482427874,4.297475482427874,-8.958191482427875,31650
-17.766755,-4.824369,-11.295562,9.151648905333836,-2.143913094666164,-20.447210905333836,31800
-16.345268,-10.415185000000001,-13.380226500000001,4.193201902299065,-9.187024597700937,-17.573428402299065,31950
-10.760538,-29.877488,-20.319012999999998,13.517724980604168,-6.80128801939583,-33.83673798060417,32100
3.019237,-8.649068,-2.8149154999999997,8.250737590452898,5.435822090452898,-11.065653090452898,32250
1.1771120000000002,-8.581255,-3.7020715,6.900207479007026,3.198135979007026,-10.602278979007027,32400
0.161518,-17.282438,-8.560459999999999,12.334739578319763,3.7742795783197636,-20.89519957831976,32550
-18.984625,-10.581650999999999,-14.783138000000001,5.94179989753425,-8.841338102465752,-20.72493789753425,32700
8.82508,0.152544,4.488812,6.132409015684456,10.621221015684457,-1.6435970156844562,32850
-26.789696999999997,-31.963721999999997,-29.376709499999997,3.658588163528727,-25.71812133647127,-33.03529766352872,33000
1.488725,-14.882039,-6.696657,11.57587823760461,4.879221237604609,-18.272535237604608,33150
7.323749,-22.001451,-7.338851,20.736047779651745,13.397196779651745,-28.074898779651747,33300
-13.245961999999999,-1.322142,-7.284051999999999,8.431413979647779,1.1473619796477799,-15.715465979647778,33450
-5.8527309999999995,0.8644649999999999,-2.4941329999999997,4.749774842159152,2.255641842159152,-7.243907842159151,33600
-28.872782,-12.762649,-20.8177155,11.391584290117178,-9.42613120988282,-32.20929979011718,33750
-12.350660000000001,-17.33325,-14.841955,3.5232231768722784,-11.318731823127722,-18.365178176872277,33900
-37.179147,-2.734755,-19.956951,24.35586315704767,4.398912157047668,-44.31281415704767,34050
-18.200411,-65.107827,-41.654119,33.16855194153836,-8.48556705846164,-74.82267094153836,34200
-0.14611300000000002,-11.726101,-5.936107,8.188288040858845,2.2521810408588454,-14.124395040858845,34350
-32.142213,-17.278481,-24.710347,10.510245690939483,-14.200101309060516,-35.22059269093948,34500
13.84346,3.022543,8.4330015,7.651543789356793,16.084545289356793,0.781457710643207,34650
-8.723227,-6.660417999999999,-7.691822499999999,1.4586262321926413,-6.233196267807358,-9.15044873219264,34800
-33.968229,-26.633331,-30.30078,5.186556115111647,-25.114223884888354,-35.487336115111646,34950
-4.386987,-8.626017,-6.506501999999999,2.99744685865321,-3.5090551413467894,-9.50394885865321,35100
-14.267137,-4.143882,-9.2055095,7.158222258180624,-2.047287241819376,-16.363731758180624,35250
-20.812727,2.704843,-9.053942,16.629433224029313,7.575491224029314,-25.683375224029312,35400
-2.914225,4.468491,0.7771330000000001,5.220368547174424,5.997501547174424,-4.443235547174424,35550
-1.081402,-18.497185,-9.789293500000001,12.314818258973396,2.525524758973395,-22.104111758973396,35700
-9.653775999999999,3.617716,-3.0180299999999995,9.384361989663015,6.366331989663015,-12.402391989663014,35850
-14.487772,6.986636,-3.750568,15.184699518766646,11.434131518766646,-18.935267518766647,36000
-15.302003,-18.892876,-17.0974395,2.539130648679683,-14.558308851320318,-19.636570148679684,36150
-9.917941,-3.7285690000000002,-6.8232550000000005,4.376546912486145,-2.446708087513856,-11.199801912486144,36300
-28.48528,-27.287453999999997,-27.886367,0.8469908872815595,-27.03937611271844,-28.73335788728156,36450
15.000845000000002,-0.947738,7.026553500000001,11.277351189616493,18.303904689616495,-4.250797689616491,36600
-4.978565000000001,-17.395051000000002,-11.186808000000001,8.779781449107832,-2.4070265508921693,-19.966589449107833,36750
-6.806686999999999,-14.952848999999999,-10.879767999999999,5.760206390844168,-5.119561609155831,-16.639974390844166,36900
-11.069106,-17.594786,-14.331945999999999,4.614352579853429,-9.71759342014657,-18.946298579853426,37050
-30.220177000000003,-13.145805,-21.682991,12.073404225701717,-9.609586774298284,-33.756395225701716,37200
-14.455101,-8.92527,-11.6901855,3.9101809989155885,-7.780004501084411,-15.600366498915589,37350
-6.31161,-6.200092,-6.255851,0.07885513402436158,-6.1769958659756385,-6.334706134024361,37500
0.498619,-5.1280269999999994,-2.314704,3.9786395419361624,1.6639355419361626,-6.293343541936162,37650
-13.183607,6.127322,-3.5281425,13.654888846911957,10.126746346911958,-17.183031346911957,37800
-12.831612,-7.612991,-10.2223015,3.690122297542522,-6.5321792024574785,-13.912423797542523,37950
-24.890407,-4.702033,-14.79622,14.275336156530186,-0.5208838434698144,-29.071556156530185,38100
-17.695473,-71.331579,-44.513526,37.92645426904047,-6.587071730959529,-82.43998026904046,38250
-7.556075,3.6020839999999996,-1.9769955000000001,7.890009894457706,5.913014394457706,-9.867005394457706,38400
-6.695583999999999,-19.314120000000003,-13.004852000000001,8.922652374246574,-4.082199625753427,-21.927504374246574,38550
-12.165371,-13.80975,-12.9875605,1.162751541740753,-11.824808958259247,-14.150312041740754,38700
-13.929091,-4.842115,-9.385603,6.425462350079409,-2.960140649920591,-15.811065350079408,38850
-10.635839,-2.248398,-6.4421185,5.9308164079020775,-0.5113020920979228,-12.372934907902078,39000
-37.170212,-0.637454,-18.903833,25.832560917247097,6.928727917247098,-44.7363939172471,39150
-3.7787949999999997,-6.372739,-5.075767,1.8341953924181582,-3.2415716075818417,-6.909962392418159,39300
-22.089772,-6.96865,-14.529211,10.69224790534909,-3.83696309465091,-25.22145890534909,39450
-50.616741,-7.762052000000001,-29.1893965,30.30284119754054,1.1134446975405403,-59.492237697540546,39600
9.395397,-11.220894,-0.9127484999999993,14.577919169015189,13.66517066901519,-15.490667669015188,39750
-20.643562,-8.024936,-14.334249,8.92271601385688,-5.41153298614312,-23.256965013856878,39900
-1.224336,-14.522191000000001,-7.8732635,9.403003445735438,1.5297399457354377,-17.276266945735436,40050
-15.057192,-5.918939,-10.488065500000001,6.461720664498312,-4.026344835501689,-16.949786164498313,40200
-22.223557,-19.694531,-20.959044,1.7882914343970882,-19.17075256560291,-22.747335434397087,40350
-6.576672,-12.684681,-9.6306765,4.319014583448462,-5.311661916551538,-13.949691083448462,40500
-39.868105,-15.478155,-27.67313,17.246299037800835,-10.426830962199165,-44.91942903780084,40650
-18.542061999999998,-8.773227,-13.6576445,6.907609472792485,-6.750035027207515,-20.565253972792483,40800
-21.162264999999998,-18.418874,-19.790569499999997,1.9398703795461432,-17.850699120453854,-21.73043987954614,40950
-4.409554,-6.404757,-5.4071555,1.4108215711437433,-3.9963339288562567,-6.817977071143743,41100
-17.747513,-70.402867,-44.07519,37.2329578791782,-6.842232120821798,-81.3081478791782,41250
-7.9828220000000005,-1.4674200000000002,-4.725121000000001,4.607084936356395,-0.11803606364360597,-9.332205936356395,41400
-7.444911,-3.900524,-5.6727175,2.506260082849444,-3.166457417150556,-8.178977582849445,41550
-13.153770000000002,-9.424764,-11.289267,2.636805429685324,-8.652461570314676,-13.926072429685325,41700
-0.418221,-25.664846,-13.0415335,17.852059739573818,4.810526239573818,-30.893593239573818,41850
7.85199,-12.33918,-2.2435950000000005,14.277313227090382,12.03371822709038,-16.52090822709038,42000
-15.473695000000001,-58.302515,-36.888105,30.28454905221803,-6.603555947781974,-67.17265405221804,42150
-12.770786,-0.47424399999999994,-6.622515,8.694968233345191,2.0724532333451915,-15.317483233345191,42300
-19.168157,-14.067488,-16.617822500000003,3.606717638488006,-13.011104861511996,-20.22454013848801,42450
-37.436577,-1.394906,-19.4157415,25.485309969394535,6.069568469394536,-44.90105146939453,42600
-11.54427,-12.532947,-12.038608499999999,0.6991002111031729,-11.339508288896825,-12.737708711103172,42750
2.374142,-3.380375,-0.5031165,4.069057993153268,3.565941493153268,-4.572174493153268,42900
-16.995206,-9.704483,-13.3498445,5.1553196730527295,-8.19452482694727,-18.50516417305273,43050
-17.001388000000002,-1.058202,-9.029795000000002,11.273534934318429,2.2437399343184268,-20.30332993431843,43200
-42.187,-55.974033999999996,-49.080517,9.74890523384949,-39.33161176615051,-58.82942223384949,43350
-21.099997000000002,-78.61168,-49.855838500000004,40.666901046751086,-9.188937453248919,-90.5227395467511,43500
-2.48189,2.586773,0.05244150000000003,3.5840859788493495,3.6365274788493496,-3.5316444788493495,43650
2.397642,-15.061967999999998,-6.3321629999999995,12.345808627872456,6.013645627872457,-18.677971627872456,43800
-25.332572,-30.269651,-27.801111499999998,3.4910420401536992,-24.310069459846297,-31.2921535401537,43950
-3.1307150000000004,-4.547462,-3.8390885000000003,1.0017914109256976,-2.837297089074303,-4.840879910925698,44100
4.733512999999999,-84.455853,-39.86117,63.066405508328906,23.205235508328904,-102.92757550832891,44250
-4.897216,-5.132225,-5.0147205,0.1661764575398692,-4.848544042460131,-5.180896957539869,44400
-9.020089,-42.681406,-25.8507475,23.802145514370014,-2.048601985629986,-49.652893014370015,44550
14.025329999999999,-17.347263,-1.6609665000000016,22.183773253705613,20.522806753705613,-23.844739753705614,44700
-14.543513,-28.399366999999998,-21.47144,9.797568322530747,-11.673871677469254,-31.26900832253075,44850
-5.735742,1.804193,-1.9657745000000002,5.331539168205791,3.3657646682057907,-7.297313668205791,45000
-19.595468,-18.275320999999998,-18.9353945,0.9334848958630787,-18.001909604136923,-19.86887939586308,45150
-2.839632,-20.662562,-11.751097000000001,12.602714663613154,0.8516176636131529,-24.353811663613158,45300
-21.703492999999998,-16.168266,-18.9358795,3.913996547106869,-15.02188295289313,-22.849876047106868,45450
-4.923983,-13.963562,-9.4437725,6.39194760997151,-3.05182489002849,-15.83572010997151,45600
-13.207023000000001,-25.608014999999998,-19.407519,8.768825536640124,-10.638693463359877,-28.176344536640123,45750
-10.14119,-9.17276,-9.656975,0.684783420104488,-8.972191579895512,-10.341758420104487,45900
-17.541596,-14.335723999999999,-15.938659999999999,2.266893830816079,-13.67176616918392,-18.20555383081608,46050
0.482097,-13.174923999999999,-6.3464135,9.656972159907085,3.310558659907085,-16.003385659907085,46200
-9.441392,-25.132143,-17.2867675,11.0950364340096,-6.1917310659904,-28.3818039340096,46350
-17.668552,-1.279167,-9.4738595,11.589045272977083,2.1151857729770835,-21.062904772977085,46500
-0.8415239999999999,-21.080202,-10.960863,14.310906456050994,3.3500434560509937,-25.271769456050993,46650
-10.097292999999999,-99.13538100000001,-54.616337,62.95943580868457,8.343098808684566,-117.57577280868458,46800
-27.178906,-10.702781,-18.9408435,11.650379715177207,-7.2904637848227924,-30.59122321517721,46950
-33.271446999999995,-19.180823,-26.226135,9.963575781549912,-16.262559218450086,-36.18971078154991,47100
-23.227217,-12.920428,-18.0738225,7.2880003941589155,-10.785822105841083,-25.361822894158912,47250
-9.595603,-21.558748,-15.577175500000001,8.45922095381794,-7.117954546182061,-24.036396453817943,47400
-6.292351,-5.701137999999999,-5.9967445,0.41805072142564276,-5.578693778574357,-6.414795221425643,47550
-26.916468,6.983219999999999,-9.966624,23.97069926490823,14.00407526490823,-33.93732326490823,47700
-3.54715,-95.658778,-49.602964,65.13275678493267,15.529792784932667,-114.73572078493267,47850
-20.791239,-12.881142,-16.8361905,5.593283228543366,-11.242907271456634,-22.429473728543368,48000
-27.082203000000003,-1.275399,-14.178801000000002,18.24816610915212,4.069365109152118,-32.42696710915212,48150
-14.712131,-17.51781,-16.1149705,1.9839146467326925,-14.131055853267306,-18.09888514673269,48300
-27.603340000000003,8.440964,-9.581188000000001,25.4871717815494,15.905983781549399,-35.068359781549404,48450
-13.867227999999999,-24.296533,-19.0818805,7.374632288562767,-11.707248211437234,-26.45651278856277,48600
2.6838029999999997,4.928236,3.8060194999999997,1.5870537942188667,5.393073294218866,2.218965705781133,48750
-4.51088,-14.310675,-9.4107775,6.929501498738023,-2.4812760012619774,-16.34027899873802,48900
-1.756562,-10.884966,-6.3207640000000005,6.454756369810405,0.13399236981040463,-12.775520369810405,49050
-16.905435999999998,-8.619496,-12.762466,5.859044362504861,-6.903421637495139,-18.62151036250486,49200
-29.216376,-13.494651999999999,-21.355514,11.116937652343294,-10.238576347656705,-32.472451652343295,49350
-7.670967,-11.190007000000001,-9.430487000000001,2.4883370472667092,-6.942149952733292,-11.91882404726671,49500
3.8410940000000005,-7.123178,-1.641042,7.7529110819737905,6.111869081973791,-9.393953081973791,49650
-4.395494,3.0756330000000003,-0.6599305,5.282884564805908,4.622954064805908,-5.942815064805908,49800
-3.5347370000000002,-87.61634000000001,-45.57553850000001,59.454671654335165,13.879133154335157,-105.03021015433518,49950
-14.895229999999998,-27.189016,-21.042122999999997,8.693019447056242,-12.349103552943754,-29.73514244705624,50100
-4.276768,2.249299,-1.0137344999999998,4.614626230177748,3.6008917301777483,-5.628360730177748,50250
-16.645270999999997,-38.665463,-27.655367,15.570627086229768,-12.08473991377023,-43.22599408622977,50400
-14.698335,-7.396761,-11.047547999999999,5.162992488735385,-5.884555511264614,-16.210540488735383,50550
-13.797460000000001,-0.9985709999999999,-7.3980155000000005,9.05018120355391,1.6521657035539095,-16.44819670355391,50700
-10.021608,-17.572359,-13.7969835,5.339187235151104,-8.457796264848895,-19.136170735151104,50850
-9.571091000000001,-13.434807000000001,-11.502949000000001,2.7320597841789627,-8.770889215821038,-14.235008784178964,51000
-4.438567,-3.714086,-4.0763265,0.5122854279408111,-3.5640410720591893,-4.5886119279408115,51150
-27.42623,-5.496257,-16.461243500000002,15.506832619537896,-0.9544108804621061,-31.968076119537898,51300
-11.098902,-9.44639,-10.272646,1.1685024411921452,-9.104143558807856,-11.441148441192144,51450
-2.5857259999999997,-7.862653,-5.2241895,3.7313508655263847,-1.4928386344736149,-8.955540365526385,51600
-12.278307,-13.033114,-12.6557105,0.5337291481870741,-12.121981351812925,-13.189439648187074,51750
-25.765438,-9.514488,-17.639963,11.491156945723525,-6.148806054276477,-29.131119945723526,51900
-11.852272,-14.259186999999999,-13.055729499999998,1.7019459182396188,-11.353783581760378,-14.757675418239618,52050
-9.01572,-4.646594,-6.831157,3.0894386224584554,-3.741718377541545,-9.920595622458455,52200
-41.959183,-10.606049,-26.282616,22.170013662850504,-4.112602337149497,-48.452629662850505,52350
-12.465698,-8.200724000000001,-10.333211,3.0157920369843136,-7.317418963015687,-13.349003036984314,52500
-14.139373999999998,-2.673604,-8.406488999999999,8.10752371852528,-0.2989652814747181,-16.51401271852528,52650
7.278078999999999,-17.537143,-5.129532000000001,17.5470117528496,12.417479752849598,-22.6765437528496,52800
-23.652893,-3.241532,-13.4472125,14.433011776346628,0.9857992763466292,-27.880224276346627,52950
-0.7952859999999999,-103.394886,-52.095086,72.5488729070273,20.4537869070273,-124.6439589070273,53100
-14.513406,3.781501,-5.3659525,12.936452800877236,7.570500300877236,-18.302405300877236,53250
-2.627965,2.520525,-0.05371999999999999,3.6405321918711286,3.586812191871129,-3.6942521918711284,53400
-10.951798,-11.967236,-11.459517,0.7180230956745052,-10.741493904325495,-12.177540095674505,53550
-13.225143,3.378568,-4.9232875,11.740596640961671,6.8173091409616715,-16.66388414096167,53700
-13.703942999999999,-10.403286,-12.053614499999998,2.333916947070846,-9.719697552929151,-14.387531447070845,53850
-20.962674,-3.092665,-12.0276695,12.636004543764635,0.6083350437646349,-24.663674043764637,54000
-14.360774,-2.783922,-8.572348,8.186070553993044,-0.38627744600695557,-16.758418553993046,54150
-21.312987,-14.557628,-17.9353075,4.776760158249575,-13.158547341750426,-22.712067658249573,54300
-0.5927439999999999,-13.164360999999998,-6.878552499999999,8.88947563118008,2.010923131180081,-15.768028131180078,54450
-27.774615999999998,-16.502184,-22.138399999999997,7.9708131076642355,-14.167586892335763,-30.10921310766423,54600
-12.566129,-7.181099000000001,-9.873614,3.807791229892994,-6.065822770107006,-13.681405229892993,54750
-34.98509,-22.636433,-28.810761499999998,8.731819103246728,-20.07894239675327,-37.542580603246726,54900
-6.925592,-5.515988,-6.22079,0.996740547187682,-5.224049452812318,-7.217530547187682,55050
-3.443633,-13.062018,-8.2528255,6.801225257562971,-1.4516002424370296,-15.05405075756297,55200
-10.535953,-12.236507000000001,-11.386230000000001,1.2024732651739096,-10.183756734826092,-12.58870326517391,55350
-9.239923,-5.9566,-7.5982615,2.321659958125758,-5.276601541874241,-9.919921458125758,55500
-24.133370000000003,-6.658525,-15.395947500000002,12.356581399683835,-3.039366100316167,-27.75252889968384,55650
-25.027351,-7.661638000000001,-16.3444945,12.279413422439385,-4.065081077560615,-28.623907922439386,55800
-9.41947,-25.298470000000002,-17.35897,11.22814857846119,-6.13082142153881,-28.587118578461187,55950
0.018662,-16.314485,-8.147911500000001,11.549279001816716,3.401367501816715,-19.697190501816717,56100
-13.134447,10.610773,-1.2618369999999999,16.79040608276643,15.528569082766431,-18.05224308276643,56250
-13.177458999999999,-10.768011,-11.972735,1.7037370197163642,-10.268997980283636,-13.676472019716364,56400
-1.8366939999999998,-15.816348000000001,-8.826521000000001,9.885108142041645,1.0585871420416435,-18.711629142041645,56550
-32.096468,1.148208,-15.47413,23.507535837949668,8.033405837949667,-38.98166583794967,56700
-18.079207999999998,-2.380445,-10.229826499999998,11.100701773540466,0.8708752735404683,-21.330528273540466,56850
-16.941738,-20.056770999999998,-18.4992545,2.202660957919872,-16.296593542080128,-20.70191545791987,57000
-18.095582999999998,-0.212628,-9.154105499999998,12.645158748153873,3.491053248153875,-21.79926424815387,57150
-10.074850999999999,3.107132,-3.4838594999999994,9.321069568785788,5.837210068785788,-12.804929068785787,57300
-10.261977,-14.244628,-12.2533025,2.816159529199385,-9.437142970800615,-15.069462029199386,57450
-9.8674,-14.062714999999999,-11.9650575,2.96653568571364,-8.99852181428636,-14.931593185713641,57600
-11.784927,-19.221667999999998,-15.503297499999999,5.2585699910280255,-10.244727508971973,-20.761867491028024,57750
-10.670717999999999,5.763104,-2.4538069999999994,11.62046697701267,9.16665997701267,-14.07427397701267,57900
-31.462937,4.270452,-13.5962425,25.267321676676787,11.671079176676786,-38.86356417667679,58050
-10.978351,-8.121105,-9.549728,2.020378022118138,-7.529349977881862,-11.570106022118138,58200
-3.8860059999999996,-18.675898999999998,-11.280952499999998,10.45803363332345,-0.8229188666765488,-21.738986133323447,58350
-14.194425,-1.810517,-8.002471,8.756745324390337,0.7542743243903374,-16.759216324390337,58500
-17.308045,-2.4074880000000003,-9.8577665,10.536284898156678,0.6785183981566778,-20.394051398156677,58650
2.490643,0.646476,1.5685595,1.3040229913404517,2.872582491340452,0.26453650865954836,58800
-16.139727,8.72584,-3.7069435000000004,17.582611043748436,13.875667543748435,-21.289554543748437,58950
-25.154001,-12.361228,-18.757614500000003,9.045856538480173,-9.71175796151983,-27.803471038480176,59100
-21.301119,-9.969838000000001,-15.635478500000001,8.012425634630283,-7.6230528653697185,-23.647904134630284,59250
-4.34405,0.050328,-2.146861,3.1072944828969784,0.9604334828969785,-5.254155482896978,59400
-13.602992,1.531938,-6.035527,10.702011635783714,4.666484635783714,-16.737538635783714,59550
-17.639492,-16.806296,-17.222894,0.5891585416575074,-16.633735458342493,-17.812052541657508,59700
0.207988,-19.658712,-9.725362,14.047878289798785,4.322516289798784,-23.773240289798785,59850
5.961989,-10.726410000000001,-2.3822105000000007,11.8004801000468,9.418269600046798,-14.1826906000468,60000
-26.926028999999996,8.067195,-9.429416999999997,24.743945985979842,15.314528985979845,-34.173362985979836,60150
-27.995933,-14.476977999999999,-21.236455499999998,9.559344755055783,-11.677110744944216,-30.79580025505578,60300
-9.455333,-8.38931,-8.922321499999999,0.7537920922008265,-8.168529407799172,-9.676113592200826,60450
-11.277491,-13.770373000000001,-12.523932,1.7627337668978842,-10.761198233102116,-14.286665766897885,60600
-38.142794,-10.925962,-24.534378,19.245206469615027,-5.289171530384973,-43.77958446961503,60750
-8.328584,-2.219106,-5.273845,4.320053323310026,-0.9537916766899741,-9.593898323310025,60900
-18.198860999999997,-13.514238,-15.8565495,3.3125286906024654,-12.544020809397534,-19.169078190602466,61050
-2.233886,-6.003577,-4.1187315,2.6655740690778975,-1.4531574309221025,-6.7843055690778975,61200
-16.715834,-8.887903,-12.801868500000001,5.535183092760393,-7.266685407239608,-18.337051592760396,61350
-34.261615,-17.779066,-26.0203405,11.654922169139548,-14.365418330860452,-37.67526266913955,61500
5.053959,-14.163530999999999,-4.554786,13.588817496384664,9.034031496384664,-18.143603496384664,61650
-18.625185000000002,-25.649759,-22.137472000000002,4.967123910346709,-17.170348089653295,-27.10459591034671,61800
4.355967,-4.884742,-0.2643875000000002,6.53416799687156,6.26978049687156,-6.798555496871559,61950
-39.168059,0.45978199999999997,-19.3541385,28.021115094882298,8.666976594882296,-47.375253594882295,62100
-13.874416,7.327119000000001,-3.2736484999999997,14.991749170063928,11.718100670063928,-18.265397670063926,62250
-17.678451000000003,-6.250415,-11.964433000000001,8.08084175124399,-3.8835912487560122,-20.04527475124399,62400
-10.800193,-0.528521,-5.664357,7.263168925323987,1.5988119253239867,-12.927525925323987,62550
-8.200314,-19.701283,-13.950798500000001,8.132413170116266,-5.818385329883736,-22.083211670116267,62700
-2.498624,-6.954219999999999,-4.7264219999999995,3.1505821458276557,-1.5758398541723437,-7.877004145827655,62850
-5.721148,-5.585065,-5.6531065,0.09622521210420906,-5.5568812878957905,-5.749331712104209,63000
-22.421839000000002,-17.86252,-20.1421795,3.22392538249267,-16.91825411750733,-23.36610488249267,63150
-16.423610999999998,-9.110661,-12.767135999999999,5.1710365354781604,-7.5960994645218385,-17.93817253547816,63300
-7.054212,-6.520111,-6.7871615,0.37766643893851604,-6.409495061061484,-7.164827938938516,63450
-21.887529999999998,-9.857384,-15.872456999999999,8.50659781526422,-7.365859184735779,-24.37905481526422,63600
-2.480076,-22.299889,-12.3899825,14.01472417414929,1.6247416741492895,-26.40470667414929,63750
-33.899663000000004,-12.762156,-23.3309095,14.946474537078121,-8.38443496292188,-38.27738403707812,63900
-7.298669,-16.763873999999998,-12.031271499999999,6.692910640820814,-5.338360859179185,-18.724182140820812,64050
-13.069094999999999,-15.825663,-14.447379,1.94918792560184,-12.498191074398159,-16.39656692560184,64200
-31.190083,-1.8305330000000002,-16.510308000000002,20.760336897585503,4.250028897585501,-37.270644897585505,64350
-14.912217000000002,-5.618337,-10.265277000000001,6.571765571534031,-3.6935114284659702,-16.83704257153403,64500
5.955755,-24.69359,-9.3689175,21.672359688426006,12.303442188426006,-31.041277188426008,64650
-6.376936,11.961211,2.7921375000000004,12.967028098095742,15.759165598095743,-10.174890598095741,64800
-15.190047,-12.985553999999999,-14.0878005,1.5588119493782766,-12.528988550621724,-15.646612449378276,64950
-3.0317529999999997,2.6083,-0.21172649999999993,3.988119722551531,3.7763932225515306,-4.199846222551531,65100
-32.791581,-1.351441,-17.071511,22.23153619545442,5.16002519545442,-39.303047195454425,65250
-28.295276,6.0256300000000005,-11.134823,24.268545369066064,13.133722369066064,-35.403368369066065,65400
-2.68975,-14.691362,-8.690556,8.486421230369844,-0.20413476963015675,-17.176977230369843,65550
3.864551,6.379306,5.1219285,1.778200313522776,6.900128813522776,3.3437281864772244,65700
-18.625734,-11.808713000000001,-15.217223500000001,4.8203617765911,-10.3968617234089,-20.037585276591102,65850
-15.370003,1.9056939999999998,-6.7321545,12.215762498424096,5.483607998424096,-18.9479169984241,66000
-4.571186,-6.6358429999999995,-5.603514499999999,1.4599329655242732,-4.143581534475726,-7.0634474655242725,66150
3.080524,-11.337631,-4.1285535,10.195175172698725,6.066621672698726,-14.323728672698724,66300
-20.914375,4.115049,-8.399663,17.69847543959332,9.29881243959332,-26.09813843959332,66450
-17.315405,8.967032000000001,-4.1741864999999985,18.584489428808222,14.410302928808225,-22.75867592880822,66600
5.015156,3.1781770000000003,4.0966665,1.2989403077972828,5.395606807797283,2.7977261922027177,66750
-5.7453389999999995,-0.531989,-3.138664,3.6863951376988875,0.5477311376988876,-6.825059137698887,66900
5.192922,17.806819,11.4998705,8.919372105888648,20.41924260588865,2.580498394111352,67050
6.204167,-13.440664000000002,-3.618248500000001,13.890993215363707,10.272744715363707,-17.509241715363707,67200
-15.133689000000002,-6.329689,-10.731689000000001,6.2253681015663656,-4.506320898433636,-16.957057101566367,67350
-19.199716,13.871841,-2.6639374999999994,23.385122219097433,20.721184719097433,-26.049059719097432,67500
7.420371,2.649332,5.0348515,3.373634030205485,8.408485530205486,1.6612174697945155,67650
-5.302906,-7.0457339999999995,-6.17432,1.232365497241788,-4.941954502758212,-7.406685497241788,67800
3.121004,-10.410624,-3.64481,9.56830591929376,5.92349591929376,-13.21311591929376,67950
2.3772290000000003,4.071434,3.2243315,1.1979838442201545,4.422315344220154,2.0263476557798454,68100
6.582502000000001,-5.508241,0.5371305000000004,8.549446364883782,9.086576864883781,-8.012315864883782,68250
-2.0787139999999997,-3.4919379999999998,-2.7853259999999995,0.9993002737355775,-1.786025726264422,-3.784626273735577,68400
-2.128966,-8.015853,-5.0724095,4.162657717778931,-0.9097517822210692,-9.23506721777893,68550
-10.702117999999999,-11.562764,-11.132441,0.608568622801078,-10.523872377198922,-11.741009622801078,68700
-17.710123,-3.8459589999999997,-10.778041,9.803444379882409,-0.9745966201175911,-20.58148537988241,68850
16.457307999999998,-7.211987,4.6226604999999985,16.736719000404843,21.35937950040484,-12.114058500404845,69000
-6.499483000000001,0.077331,-3.2110760000000003,4.650509778002623,1.4394337780026225,-7.861585778002623,69150
-8.111521,-11.985958,-10.0487395,2.739640675980064,-7.3090988240199355,-12.788380175980064,69300
-14.150275,-30.084242,-22.1172585,11.267016116902669,-10.85024238309733,-33.384274616902665,69450
-7.322608,5.531535,-0.8955365,9.089251681641592,8.193715181641592,-9.984788181641592,69600
-6.184901,5.627185,-0.27885800000000005,8.352406110558682,8.073548110558683,-8.631264110558682,69750
5.162955999999999,2.3543939999999997,3.7586749999999993,1.9859532355828522,5.7446282355828515,1.7727217644171471,69900
-15.499398000000001,-8.643355999999999,-12.071377,4.847953790299782,-7.2234232097002185,-16.91933079029978,70050
13.55848,6.114865,9.836672499999999,5.263430643041903,15.100103143041903,4.573241856958096,70200
-4.923152,-10.50207,-7.712611,3.944890749483691,-3.7677202505163088,-11.657501749483691,70350
-3.5879209999999997,-15.965496,-9.7767085,8.752267217145082,-1.0244412828549176,-18.52897571714508,70500
-14.797087,-18.74038,-16.7687335,2.7883292205054437,-13.980404279494556,-19.557062720505442,70650
-15.819465,-3.906136,-9.862800499999999,8.42399572240635,-1.4388047775936492,-18.28679622240635,70800
-7.756611,-1.8810490000000002,-4.81883,4.154649733481993,-0.6641802665180068,-8.973479733481994,70950
-26.817125,-3.965621,-15.391373,16.158453438711515,0.7670804387115151,-31.549826438711513,71100
-16.38063,0.950142,-7.715244,12.254706404397945,4.539462404397945,-19.969950404397945,71250
-0.027293,-15.072332999999999,-7.549812999999999,10.638449807222853,3.088636807222854,-18.188262807222852,71400
9.252983,-13.103356,-1.9251864999999997,15.808318909405278,13.883132409405277,-17.73350540940528,71550
-16.424775,-3.4110699999999996,-9.9179225,9.20207905386128,-0.7158434461387202,-19.12000155386128,71700
-11.235183000000001,-11.357758,-11.296470500000002,0.08667361370394067,-11.209796886296061,-11.383144113703942,71850
-4.893778,-13.319995,-9.1068865,5.958235180449367,-3.148651319550633,-15.065121680449366,72000
4.515989,-1.824079,1.345955,4.483105075983833,5.829060075983833,-3.1371500759838327,72150
-5.3113150000000005,-9.598523,-7.454919,3.031513849157216,-4.423405150842784,-10.486432849157216,72300
-15.356695000000002,-20.314818,-17.835756500000002,3.5059223952569862,-14.329834104743016,-21.34167889525699,72450
-8.507473,-3.248279,-5.877876,3.7188117409756027,-2.159064259024397,-9.596687740975602,72600
1.493191,-12.324582000000001,-5.415695500000001,9.770640989196385,4.354945489196385,-15.186336489196385,72750
-29.416144,-0.977508,-15.196826,20.109152363295873,4.912326363295874,-35.30597836329587,72900
-6.330294,8.491907000000001,1.0808065000000004,10.480878839210026,11.561685339210026,-9.400072339210027,73050
-7.191475,-17.327786,-12.2596305,7.1674542443157945,-5.092176255684206,-19.427084744315795,73200
4.600633,-3.922301,0.3391660000000001,6.026624427005386,6.365790427005386,-5.687458427005385,73350
-12.169591,-13.093977,-12.631784,0.653639609033908,-11.978144390966092,-13.285423609033908,73500
0.61334,-0.776235,-0.0814475,0.9825779054672968,0.9011304054672968,-1.0640254054672968,73650
-16.322838,-24.557757000000002,-20.4402975,5.822967067421944,-14.617330432578056,-26.263264567421942,73800
-24.543569,-10.846778,-17.695173500000003,9.685093796594876,-8.010079703405127,-27.38026729659488,73950
-38.619464,-1.6021370000000001,-20.1108005,26.17520294309988,6.06440244309988,-46.28600344309988,74100
3.1116040000000003,-8.572495,-2.7304455,8.261905634954958,5.531460134954958,-10.992351134954959,74250
-19.896167000000002,3.919993,-7.988087000000001,16.84056823782381,8.85248123782381,-24.82865523782381,74400
-19.398649,-13.725791000000001,-16.56222,4.011316360508354,-12.550903639491647,-20.573536360508353,74550
7.7406690000000005,-6.550515,0.5950770000000003,10.10539311758469,10.70047011758469,-9.51031611758469,74700
-14.653270000000001,-8.194939,-11.4241045,4.566729645247298,-6.8573748547527025,-15.990834145247298,74850
-7.644388,11.585410000000001,1.9705110000000006,13.59752056664751,15.56803156664751,-11.62700956664751,75000
-8.354177,-10.339717,-9.346947,1.4039887983171377,-7.942958201682862,-10.750935798317137,75150
-18.249796,-4.0017,-11.125748,10.074925300596924,-1.050822699403076,-21.200673300596925,75300
-12.874814,-14.438647,-13.6567305,1.1057969189433015,-12.550933581056698,-14.762527418943302,75450
-10.980056,-19.319764000000003,-15.149910000000002,5.897064079915703,-9.2528459200843,-21.046974079915707,75600
-11.454815,-18.124454999999998,-14.789634999999999,4.716147672073043,-10.073487327926955,-19.505782672073043,75750
-4.204401,5.7175519999999995,0.7565754999999998,7.015880248914208,7.772455748914208,-6.259304748914207,75900
-14.990109,-17.906813,-16.448461,2.0624211771139276,-14.386039822886074,-18.510882177113928,76050
-17.776138,-10.75557,-14.265854000000001,4.964291240581277,-9.301562759418724,-19.23014524058128,76200
-7.540497,-8.849304,-8.1949005,0.9254663049644216,-7.269434195035577,-9.120366804964421,76350
-2.3390169999999997,-18.505255,-10.422135999999998,11.431256516075647,1.0091205160756491,-21.853392516075644,76500
-6.1775720000000005,-6.456273,-6.3169225,0.1970713670234719,-6.119851132976528,-6.513993867023473,76650
8.278092,-4.990549,1.6437714999999997,9.382346028229852,11.026117528229852,-7.738574528229853,76800
-8.61994,-9.654455,-9.1371975,0.7315125717392017,-8.405684928260797,-9.868710071739201,76950
-26.326288,-8.197904,-17.262096,12.818703258353711,-4.443392741646289,-30.08079925835371,77100
6.052261,-1.7251400000000001,2.1635605,5.499452987107036,7.663013487107036,-3.335892487107036,77250
4.993458,-14.562385999999998,-4.784463999999999,13.82806990422626,9.043605904226261,-18.612533904226257,77400
-8.62397,7.148796000000001,-0.7375869999999995,11.153029796668617,10.415442796668618,-11.890616796668617,77550
-15.368744,-6.496283,-10.932513499999999,6.273777338913177,-4.658736161086822,-17.206290838913176,77700
-1.010593,0.8027850000000001,-0.103904,1.2822518806544994,1.1783478806544994,-1.3861558806544994,77850
-29.997431,-1.454985,-15.726208,20.18255711825085,4.456349118250849,-35.90876511825085,78000
-17.968552,-18.081035999999997,-18.024794,0.07953819917498653,-17.945255800825013,-18.104332199174987,78150
-11.113658000000001,-9.05759,-10.085624,1.4538596253806635,-8.631764374619335,-11.539483625380663,78300
-13.585622,-4.689181,-9.1374015,6.290733759526031,-2.8466677404739684,-15.42813525952603,78450
-6.327774,-5.912937,-6.1203555000000005,0.29333405578708344,-5.827021444212917,-6.413689555787084,78600
-12.536787,0.8939290000000001,-5.821429,9.496950359790663,3.675521359790663,-15.318379359790663,78750
5.948905,-14.155826999999999,-4.103460999999999,14.21619233113818,10.11273133113818,-18.319653331138177,78900
6.040272,5.206935,5.6236035,0.5892582437136541,6.2128617437136535,5.034345256286346,79050
-11.277139,-6.378888,-8.8280135,3.463586498053788,-5.364427001946213,-12.291599998053789,79200
1.614984,-11.535216,-4.960116,9.298595593959337,4.338479593959337,-14.258711593959337,79350
-13.100642,1.5932629999999999,-5.7536895,10.390159867610917,4.636470367610917,-16.14384936761092,79500
6.031755,1.967509,3.999632,2.8738559070103014,6.873487907010301,1.1257760929896987,79650
6.138185,-2.71797,1.7101075,6.262247255739149,7.972354755739149,-4.55213975573915,79800
-5.928495,-19.419116,-12.6738055,9.539309591517643,-3.134495908482357,-22.213115091517643,79950
-2.6624380000000003,-18.819563,-10.7410005,11.424812651978696,0.6838121519786959,-22.165813151978696,80100
-2.5219400000000003,-5.432148000000001,-3.9770440000000002,2.0578278114633406,-1.9192161885366597,-6.034871811463341,80250
-9.939300999999999,-14.311415,-12.125357999999999,3.091551457520642,-9.033806542479356,-15.216909457520641,80400
1.0212860000000001,6.003989,3.5126375,3.5233030799385534,7.035940579938553,-0.010665579938553549,80550
-19.644527,-1.387832,-10.5161795,12.909432836554537,2.3932533365545368,-23.425612336554536,80700
-10.820259,-14.211337,-12.515798,2.3978542493325152,-10.117943750667486,-14.913652249332515,80850
-29.305417,1.261249,-14.022084,21.61389680686428,7.591812806864279,-35.63598080686428,81000
-12.250105,1.190714,-5.5296955,9.50409425960099,3.97439875960099,-15.033789759600989,81150
-12.258842999999999,-18.481204,-15.3700235,4.399873658090709,-10.97014984190929,-19.76989715809071,81300
6.0801989999999995,-6.96703,-0.4434155000000004,9.225784101593778,8.782368601593777,-9.669199601593778,81450
-6.6191960000000005,-3.2859160000000003,-4.952556,2.3569848915934952,-2.595571108406505,-7.309540891593496,81600
-4.658087,5.051914,0.19691349999999996,6.866007552428158,7.062921052428158,-6.669094052428158,81750
-2.463007,-21.474401999999998,-11.9687045,13.443086324316022,1.4743818243160227,-25.41179082431602,81900
-16.4177,2.8546560000000003,-6.781522,13.627613617041247,6.846091617041247,-20.409135617041247,82050
-21.905056,-4.311414,-13.108234999999999,12.44058356396845,-0.667651436031548,-25.54881856396845,82200
-15.590723,6.61745,-4.4866365,15.703549726063994,11.216913226063994,-20.190186226063993,82350
-14.638411999999999,-7.901463000000001,-11.2699375,4.763742322407929,-6.50619517759207,-16.03367982240793,82500
-18.742601,-9.998047999999999,-14.370324499999999,6.183332724745169,-8.18699177525483,-20.553657224745166,82650
4.470199,7.58131,6.0257545,2.1998876851240614,8.22564218512406,3.8258668148759383,82800
-10.577005999999999,-16.862861,-13.7199335,4.4447706960553655,-9.275162803944635,-18.164704196055364,82950
-5.559159999999999,-10.035552000000001,-7.797356000000001,3.165287138449213,-4.6320688615507875,-10.962643138449213,83100
-14.011999,9.192558,-2.4097204999999997,16.40809960912977,13.998379109129772,-18.81782010912977,83250
-20.528716,0.8852639999999999,-9.821726,15.141970470193105,5.320244470193105,-24.963696470193106,83400
-11.42708,2.420331,-4.5033745,9.79159821997719,5.288223719977191,-14.29497271997719,83550
-6.962236,3.3860550000000003,-1.7880904999999998,7.317346739791719,5.529256239791719,-9.10543723979172,83700
-10.683227,-1.318222,-6.0007245000000005,6.622058541345924,0.6213340413459232,-12.622783041345924,83850
1.300801,8.500026,4.9004135,5.090620816787722,9.991034316787722,-0.1902073167877223,84000
0.711166,-9.962375,-4.6256045,7.547333220372644,2.921728720372644,-12.172937720372644,84150
-1.495079,-2.154084,-1.8245815,0.4659869043358408,-1.3585945956641594,-2.2905684043358407,84300
0.759043,-12.928627,-6.084792,9.678644275643672,3.5938522756436715,-15.763436275643672,84450
-26.772053000000003,4.7554620000000005,-11.008295500000001,22.293319650460596,11.285024150460595,-33.3016151504606,84600
-5.894019,-6.649583,-6.271801,0.5342644280204324,-5.737536571979567,-6.806065428020433,84750
7.4704559999999995,-5.378742,1.0458569999999998,9.085755038608625,10.131612038608624,-8.039898038608625,84900
0.34901,-12.458758999999999,-6.0548744999999995,9.056460311770845,3.0015858117708456,-15.111334811770845,85050
0.37259899999999996,-8.177133999999999,-3.9022674999999993,6.045574181634404,2.1433066816344044,-9.947841681634403,85200
-23.378389000000002,-18.297151,-20.83777,3.592977846622772,-17.244792153377226,-24.430747846622772,85350
6.612521000000001,4.859547,5.736034,1.2395398026437077,6.975573802643708,4.496494197356292,85500
-22.722943,2.188666,-10.2671385,17.615167654167827,7.348029154167827,-27.88230615416783,85650
-17.014948999999998,-4.940219,-10.977583999999998,8.538123463996639,-2.4394605360033594,-19.515707463996637,85800
-18.169135,-10.084773,-14.126954000000001,5.71650719176684,-8.41044680823316,-19.843461191766842,85950
-5.827782,-4.708578,-5.26818,0.7913967379311087,-4.476783262068891,-6.059576737931109,86100
-22.571276,2.116662,-10.227307,17.45700837331305,7.229701373313052,-27.68431537331305,86250
-1.661419,-19.982146,-10.8217825,12.954710297967473,2.132927797967474,-23.77649279796747,86400
-17.986291,0.439622,-8.7733345,13.029088031853362,4.255753531853362,-21.802422531853363,86550
-20.843186,-7.0019979999999995,-13.922592,9.787197894477867,-4.135394105522133,-23.709789894477865,86700
-6.994441999999999,14.147779000000002,3.576668500000001,14.94980783844463,18.52647633844463,-11.373139338444627,86850
2.119398,-23.344154,-10.612378,18.005450292296274,7.393072292296274,-28.617828292296274,87000
-11.653183,-28.650098,-20.1516405,12.018633855751347,-8.133006644248653,-32.170274355751346,87150
5.678506,4.6077069999999996,5.1431065,0.7571692341877739,5.900275734187774,4.385937265812226,87300
-8.837255,-12.187335000000001,-10.512295000000002,2.368864285517429,-8.143430714482573,-12.88115928551743,87450
-3.664925,-18.091962,-10.8784435,10.201455695129225,-0.6769878048707749,-21.079899195129222,87600
-17.849482000000002,8.578603,-4.635439500000001,18.68747811727448,14.05203861727448,-23.32291761727448,87750
-14.523016,-13.250438,-13.886727,0.8998485333888138,-12.986878466611186,-14.786575533388815,87900
-23.880584,5.611342,-9.134621,20.85394086485185,11.719319864851851,-29.98856186485185,88050
-22.247994,-5.088341000000001,-13.6681675,12.133706999108082,-1.5344605008919174,-25.80187449910808,88200
0.655048,-5.445164,-2.395058,4.313501271875552,1.9184432718755517,-6.7085592718755525,88350
-0.699112,-10.076257,-5.3876845,6.630642817669528,1.2429583176695278,-12.018327317669527,88500
-8.742122,-4.793808,-6.767965,2.7918796036537823,-3.976085396346218,-9.559844603653783,88650
-10.894864,5.444678,-2.725093,11.553800949682405,8.828707949682403,-14.278893949682406,88800
-14.056698,-4.119014,-9.087856,7.027003745689055,-2.0608522543109453,-16.114859745689056,88950
-18.896608999999998,-16.003787,-17.450198,2.0455340529656296,-15.40466394703437,-19.49573205296563,89100
-5.616897,-6.754767,-6.1858319999999996,0.8045955931087371,-5.381236406891262,-6.990427593108737,89250
-6.963813,2.421406,-2.2712035,6.636351997820828,4.365148497820828,-8.907555497820828,89400
2.753125,-6.946377,-2.096626,6.85858363833248,4.761957638332479,-8.95520963833248,89550
-6.894895,1.469215,-2.71284,5.914318899590214,3.2014788995902137,-8.627158899590214,89700
-12.066217,-17.420177,-14.743196999999999,3.7858214222015274,-10.957375577798471,-18.529018422201524,89850
-6.827960000000001,-0.15426800000000002,-3.4911140000000005,4.719012868750413,1.2278988687504127,-8.210126868750415,90000
-11.521721000000001,-6.404996,-8.9633585,3.6180709449667385,-5.345287555033261,-12.581429444966739,90150
-3.4257739999999997,-3.1163540000000003,-3.271064,0.21879298023474109,-3.052271019765259,-3.489856980234741,90300
-25.162772,-13.369707,-19.2662395,8.338956232473732,-10.927283267526269,-27.60519573247373,90450
-7.374078999999999,17.689578,5.157749500000001,17.72268182603368,22.88043132603368,-12.564932326033677,90600
-1.287958,7.096844,2.904443,5.928950353106527,8.833393353106526,-3.0245073531065265,90750
-4.124181,6.52574,1.2007794999999999,7.530631358201017,8.731410858201016,-6.3298518582010175,90900
-5.55356,-18.154672,-11.854116000000001,8.91033174569118,-2.943784254308822,-20.76444774569118,91050
-3.9569690000000004,-5.828151,-4.8925600000000005,1.3231254810342061,-3.569434518965794,-6.215685481034207,91200
0.08428200000000001,3.353276,1.718779,2.311527825058137,4.030306825058137,-0.5927488250581368,91350
-14.367351999999999,-21.134182,-17.750767,4.784871380136566,-12.965895619863435,-22.535638380136565,91500
4.9742370000000005,-22.750460999999998,-8.888112,19.60432196214911,10.716209962149112,-28.49243396214911,91650
7.213719,-16.589576,-4.6879285,16.831471309083838,12.143542809083838,-21.519399809083836,91800
3.462446,-20.492504,-8.515029,16.938707587984688,8.423678587984687,-25.453736587984686,91950
-8.249822,-0.323762,-4.286792,5.604570774091447,1.3177787740914466,-9.891362774091448,92100
-19.544712,6.011028,-6.7668420000000005,18.0706370522403,11.3037950522403,-24.8374790522403,92250
-14.998292999999999,-2.271462,-8.6348775,8.999228503115168,0.36435100311516777,-17.634106003115168,92400
-27.506071999999996,3.601379,-11.952346499999997,21.996289547528246,10.043943047528249,-33.94863604752824,92550
-13.987932,5.676475,-4.1557285,13.904835537712215,9.749107037712214,-18.060564037712215,92700
3.0116549999999997,1.613656,2.3126555,0.9885345729920121,3.301190072992012,1.324120927007988,92850
4.85288,-0.145387,2.3537464999999997,3.5343084898809414,5.888054989880941,-1.1805619898809416,93000
-3.088526,1.20242,-0.9430529999999999,3.034157014305291,2.0911040143052912,-3.977210014305291,93150
-4.905062,1.3479,-1.778581,4.421511832701797,2.642930832701797,-6.200092832701797,93300
-16.969637,-10.761303,-13.865469999999998,4.389955071271003,-9.475514928728995,-18.255425071271002,93450
-14.876564000000002,-13.387360000000001,-14.131962000000001,1.053026246970132,-13.078935753029869,-15.184988246970134,93600
1.809934,5.9916480000000005,3.9007910000000003,2.956918326382723,6.857709326382723,0.9438726736172773,93750
-15.71352,11.300411,-2.2065545,19.101733796605494,16.895179296605495,-21.308288296605493,93900
-9.587806,-17.315029,-13.4514175,5.463971783040656,-7.987445716959344,-18.915389283040657,94050
4.991423999999999,-22.850386999999998,-8.9294815,19.68713335861421,10.757651858614212,-28.616614858614213,94200
-23.216476999999998,-18.319757,-20.768116999999997,3.46250391757179,-17.305613082428206,-24.230620917571787,94350
7.6241270000000005,-19.856723000000002,-6.1162980000000005,19.43189538777034,13.315597387770339,-25.54819338777034,94500
-3.446846,5.236001,0.8945775,6.139699993705269,7.03427749370527,-5.245122493705269,94650
-13.729407,8.382741000000001,-2.6733329999999995,15.635649797400555,12.962316797400556,-18.308982797400553,94800
1.4218870000000001,-18.703551,-8.640832,14.23083368414943,5.5900016841494296,-22.871665684149427,94950
-8.958697,-8.002454,-8.4805755,0.6761659097621682,-7.8044095902378325,-9.15674140976217,95100
-31.088047999999997,-9.9294,-20.508723999999997,14.96142348153918,-5.547300518460817,-35.47014748153918,95250
-8.000241,-4.626157,-6.313199000000001,2.3858376766930314,-3.9273613233069695,-8.699036676693032,95400
-21.580772,-24.27199,-22.926381,1.9029784974512975,-21.023402502548702,-24.829359497451296,95550
-11.319939,-6.25061,-8.7852745,3.5845569119656195,-5.20071758803438,-12.36983141196562,95700
-14.529944,10.802489,-1.8637275000000004,17.912735158253877,16.049007658253878,-19.776462658253877,95850
-10.473061999999999,13.414406,1.4706720000000004,16.890990608176654,18.361662608176655,-15.420318608176654,96000
0.4201,2.414517,1.4173085,1.4102657852137306,2.8275742852137307,0.007042714786269499,96150
-8.571954,-6.330398000000001,-7.451176,1.5850194480093922,-5.866156551990608,-9.036195448009392,96300
0.518111,-7.813061,-3.647475,5.891028216431492,2.2435532164314917,-9.538503216431492,96450
-21.898605,-3.849908,-12.8742565,12.762356040281295,-0.11190045971870433,-25.636612540281295,96600
-8.616835,2.919907,-2.848464,8.157708500999652,5.309244500999652,-11.006172500999652,96750
5.110907,-0.560375,2.2752660000000002,4.010201960221206,6.285467960221206,-1.7349359602212058,96900
-10.254869,-8.289357,-9.272113000000001,1.3898268637035323,-7.882286136296469,-10.661939863703534,97050
-9.896921,-4.92042,-7.4086705,3.5189176036816354,-3.889752896318365,-10.927588103681636,97200
-1.5599,-3.1504689999999997,-2.3551845,1.1247021258451055,-1.2304823741548945,-3.4798866258451056,97350
-18.491422,-8.444256,-13.467839,7.10441921030692,-6.363419789693079,-20.57225821030692,97500
-16.15705,7.872482000000001,-4.142284,16.991445025939143,12.849161025939143,-21.133729025939143,97650
-16.636329,-2.001912,-9.3191205,10.348095499411691,1.028974999411691,-19.66721599941169,97800
-14.85701,-4.59671,-9.72686,7.255127707008334,-2.471732292991666,-16.981987707008336,97950
-2.564526,-5.941542,-4.2530339999999995,2.38791091377547,-1.8651230862245294,-6.64094491377547,98100
-2.119278,-6.004997,-4.0621375,2.7476182546854107,-1.3145192453145897,-6.809755754685411,98250
2.125271,-0.8337180000000001,0.6457765,2.092321187356401,2.738097687356401,-1.4465446873564012,98400
-7.597525,0.8203219999999999,-3.3886015,5.952316696690835,2.5637151966908354,-9.340918196690836,98550
-8.620511,-4.087695,-6.354103,3.205184931470882,-3.1489180685291185,-9.559287931470882,98700
-24.9333,-13.59469,-19.263995,8.017608020229599,-11.246386979770403,-27.2816030202296,98850
-15.110667000000001,0.7059880000000001,-7.202339500000001,11.184064006188112,3.9817245061881117,-18.386403506188113,99000
-12.148189,-1.8249959999999998,-6.9865925,7.2995997737975,0.31300727379749915,-14.2861922737975,99150
-14.29011,1.5421989999999999,-6.3739555,11.195133055740808,4.821177555740808,-17.56908855574081,99300
4.523644,-0.06523999999999999,2.229202,3.244830994478449,5.474032994478449,-1.015628994478449,99450
-12.935553,-13.64161,-13.2885815,0.4992576926042298,-12.78932380739577,-13.78783919260423,99600
-11.726245,-4.406702,-8.0664735,5.175698490486526,-2.890775009513475,-13.242171990486526,99750
8.199374,-9.053526,-0.42707599999999957,12.199642585133386,11.772566585133386,-12.626718585133386,99900
-9.934674000000001,-16.368553,-13.1516135,4.549439470233721,-8.602174029766278,-17.70105297023372,100050
6.088129,-6.194207,-0.053038999999999614,8.684923074411655,8.631884074411655,-8.737962074411655,100200
-9.382814999999999,13.753076,2.1851305000000005,16.359545414892814,18.544675914892814,-14.174414914892814,100350
