seed_0,seed_1,mean_reward,std_reward,upper,lower,timesteps
-10.37498612342065,-9.063200802197487,-9.719093462809068,6.422738647277093,-3.29635481553198,-16.141832110086156,7500
-10.871599179746635,-8.794228321254481,-9.832913750500559,6.394190259542272,-3.438723490958292,-16.227104010042822,7650
-11.143850213105207,-9.123971450257239,-10.133910831681224,6.3654442117201775,-3.768466619961052,-16.499355043401394,7800
-11.016544210771631,-9.091577393339996,-10.054060802055814,6.412900184428343,-3.641160617627476,-16.46696098648415,7950
-11.165884951625655,-8.616437519668995,-9.891161235647326,6.510867886898994,-3.380293348748338,-16.402029122546313,8100
-11.174264375381743,-8.705794817130196,-9.940029596255968,6.470378950046438,-3.4696506462095367,-16.410408546302403,8250
-10.870891479526637,-8.666139757179474,-9.768515618353057,6.602237867998631,-3.1662777503544315,-16.37075348635168,8400
-10.728328487025369,-7.944582853475173,-9.336455670250272,6.537543071241519,-2.7989125990087587,-15.873998741491784,8550
-10.705896500178142,-7.8338434502470236,-9.269869975212583,6.58169677943198,-2.6881731957806085,-15.851566754644557,8700
-10.681567813793052,-7.454927937954587,-9.068247875873821,6.457374417434103,-2.6108734584397233,-15.525622293307915,8850
-10.567924066869239,-7.739339894582155,-9.153631980725699,6.3368110516381355,-2.816820929087569,-15.490443032363826,9000
-10.601402793149996,-7.8932760255773236,-9.247339409363661,6.27658234928093,-2.970757060082737,-15.523921758644583,9150
-11.433389816566434,-7.944583574517627,-9.688986695542035,6.666922086518998,-3.022064609023041,-16.35590878206102,9300
-11.495098688217745,-7.64727945628324,-9.571189072250496,6.732954945099745,-2.838234127150757,-16.30414401735023,9450
-11.364031753170318,-7.723866306624817,-9.54394902989757,6.629128052405243,-2.914820977492334,-16.173077082302804,9600
-11.65816226999733,-7.912795171991743,-9.78547872099454,6.576527226675199,-3.208951494319347,-16.36200594766973,9750
-11.872177404831453,-7.563311800801553,-9.717744602816508,6.36323380053644,-3.3545108022800734,-16.080978403352937,9900
-11.685868045914923,-7.7220365697390685,-9.703952307826999,6.275606058694702,-3.4283462491323036,-15.97955836652169,10050
-11.982091622930477,-7.530012188617392,-9.756051905773937,6.09354384521414,-3.6625080605598055,-15.849595750988065,10200
-11.931802556120461,-7.5058123779917185,-9.718807467056092,6.106588473306312,-3.6122189937497895,-15.825395940362391,10350
-11.549946081645738,-7.7221694566096595,-9.636057769127703,6.155332187651336,-3.480725581476375,-15.791389956779023,10500
-10.9812919356782,-7.584899329263271,-9.28309563247074,6.0696717608758695,-3.2134238715948795,-15.352767393346594,10650
-11.455208545687023,-7.407821880907953,-9.431515213297493,5.909428684841549,-3.5220865284559513,-15.340943898139027,10800
-11.767502050320363,-7.869940318313683,-9.818721184317027,5.984341151227744,-3.834380033089291,-15.803062335544757,10950
-12.190130531850532,-8.01694208645226,-10.103536309151401,5.985945425770551,-4.117590883380859,-16.089481734921936,11100
-12.017265590151633,-7.6371455081752755,-9.827205549163459,6.025293310106034,-3.8019122390574323,-15.852498859269476,11250
-12.151292485085285,-7.348299942010932,-9.749796213548114,6.124811903595656,-3.6249843099524655,-15.874608117143753,11400
-12.126950280281985,-7.413651562710081,-9.770300921496037,6.079964990844433,-3.6903359306516137,-15.850265912340456,11550
-12.449574598669944,-7.144528613864749,-9.797051606267352,5.87277759071463,-3.9242740155527303,-15.669829196981969,11700
-12.167318395794718,-7.646777513438203,-9.907047954616468,5.760880496376194,-4.146167458240281,-15.667928450992648,11850
-12.448002950947295,-7.725747660077145,-10.086875305512228,5.861737700633012,-4.225137604879223,-15.948613006145225,12000
-12.589314266990407,-7.96259936957831,-10.275956818284364,5.849093044506531,-4.426863773777842,-16.125049862790878,12150
-13.191421272379056,-8.180380119510659,-10.685900695944863,5.905399177084547,-4.780501518860325,-16.591299873029392,12300
-13.783521389445776,-7.74441487417645,-10.763968131811119,5.751884949211266,-5.012083182599863,-16.515853081022367,12450
-13.313545853107476,-7.2735326979955985,-10.293539275551543,5.752338269132542,-4.54120100641901,-16.045877544684068,12600
-13.656570026675784,-6.907140877085851,-10.281855451880823,5.529309019342219,-4.7525464325386135,-15.811164471223023,12750
-13.6784969110727,-7.173242999765798,-10.425869955419255,5.433395508618182,-4.992474446801082,-15.859265464037419,12900
-13.687579025165622,-7.7207905515223665,-10.704184788344001,5.583312112498573,-5.120872675845435,-16.287496900842555,13050
-13.903329356419022,-7.5445230754595345,-10.723926215939285,5.779321016156689,-4.944605199782603,-16.50324723209596,13200
-14.302447361878142,-7.04494155920955,-10.673694460543851,6.107459928402559,-4.566234532141301,-16.781154388946394,13350
-14.491385818305664,-6.777275351204661,-10.63433058475517,6.275898660352566,-4.358431924402613,-16.91022924510772,13500
-14.641437983185028,-6.712068450170648,-10.676753216677849,6.383528193309254,-4.2932250233686,-17.060281409987084,13650
-14.63100420253471,-7.219458842047674,-10.9252315222912,6.389892583815854,-4.535338938475352,-17.315124106107035,13800
-14.416780452122264,-7.594852872675176,-11.005816662398729,6.684701474335828,-4.321115188062905,-17.69051813673454,13950
-14.686862061437342,-8.092858637193473,-11.389860349315416,6.685022512203943,-4.7048378371114765,-18.07488286151934,14100
-14.680360085162105,-8.29058070091118,-11.485470393036652,6.582910492207471,-4.902559900829185,-18.068380885244107,14250
-14.272059840211918,-8.056686203609736,-11.164373021910837,6.4957076183831,-4.66866540352774,-17.66008064029392,14400
-14.20304850477682,-8.136607888460327,-11.169828196618587,6.421241108240255,-4.748587088378332,-17.591069304858824,14550
-13.686720540918113,-8.539232411826756,-11.112976476372449,6.565678418580558,-4.54729805779189,-17.678654894952984,14700
-13.579508175139917,-8.38611177358505,-10.982809974362496,6.588632554812314,-4.394177419550184,-17.57144252917479,14850
-13.5262185208423,-8.648064680085332,-11.087141600463829,6.431011274413362,-4.656130326050467,-17.51815287487717,15000
-13.963444604228867,-8.816321838000638,-11.389883221114767,6.565495737148992,-4.824387483965774,-17.95537895826374,15150
-13.992930876028021,-8.826810466725156,-11.409870671376602,6.574994558686311,-4.83487611269029,-17.984865230062894,15300
-14.691857441097936,-8.655599038297005,-11.673728239697484,6.81714647586988,-4.856581763827604,-18.490874715567347,15450
-14.561298850985477,-9.20090833673199,-11.881103593858747,6.74487241041044,-5.136231183448308,-18.62597600426917,15600
-14.529467391743252,-9.462068059062332,-11.995767725402807,6.799453241542334,-5.196314483860472,-18.79522096694512,15750
-14.457259693729455,-9.24190298630224,-11.849581340015863,6.7254745541691845,-5.124106785846676,-18.575055894185027,15900
-14.224411820339553,-9.568720277674595,-11.896566049007092,6.780504977705908,-5.116061071301181,-18.67707102671298,16050
-13.720747421780676,-9.936579285449623,-11.828663353615168,7.0121939168222385,-4.816469436792925,-18.840857270437382,16200
-13.844765383092765,-9.721074199625313,-11.782919791359058,7.181955440390437,-4.600964350968615,-18.964875231749474,16350
-13.998650607494493,-9.048434952140076,-11.523542779817305,7.516753190354199,-4.006789589463099,-19.040295970171478,16500
-14.089593832528578,-8.980243211918493,-11.534918522223558,7.596320672982032,-3.938597849241518,-19.131239195205563,16650
-13.59045377543126,-9.053841331443289,-11.322147553437299,7.3099515846709755,-4.012195968766313,-18.632099138108245,16800
-13.66610760668691,-9.447922806594157,-11.557015206640559,7.22362605309499,-4.333389153545557,-18.780641259735518,16950
-13.841394347230416,-9.443673891626583,-11.642534119428525,7.313393880850531,-4.329140238577983,-18.955928000279027,17100
-13.129915453275125,-9.209280828450282,-11.169598140862732,7.5519367962400255,-3.617661344622694,-18.721534937102724,17250
-12.960042148595198,-9.031535126640287,-10.995788637617771,7.55587299480506,-3.4399156428126996,-18.551661632422796,17400
-12.732742432767363,-8.42566601455792,-10.579204223662668,7.6602683708470405,-2.918935852815618,-18.239472594509678,17550
-12.680230575240763,-8.388993800340522,-10.53461218779067,7.65234854919244,-2.88226363859822,-18.186960736983078,17700
-12.98599793500239,-8.483812141674356,-10.7349050383384,7.569447683264308,-3.165457355074082,-18.304352721602676,17850
-13.282239676371107,-8.626049376282593,-10.954144526326877,7.492445429884069,-3.4616990964427994,-18.446589956210918,18000
-13.658354281134125,-8.744012431744949,-11.201183356439564,7.491489621999292,-3.7096937344402625,-18.69267297843883,18150
-13.642529070212209,-8.938613532489544,-11.290571301350905,7.4314488246847965,-3.859122476666098,-18.72202012603567,18300
-13.329715699820788,-8.173931076245253,-10.75182338803305,7.395918386136242,-3.355905001896795,-18.147741774169262,18450
-13.542101990110563,-8.07703325391096,-10.80956762201079,7.550560442448276,-3.259007179562501,-18.360128064459037,18600
-13.992494418518426,-8.34294233199615,-11.167718375257317,7.642802117609612,-3.524916257647692,-18.8105204928669,18750
-14.533312024334814,-8.760950642035585,-11.647131333185227,7.704206765498089,-3.9429245676871263,-19.351338098683286,18900
-14.217499855703474,-8.909791367787479,-11.563645611745505,7.608115483274641,-3.9555301284708526,-19.171761095020116,19050
-14.241795035715896,-9.119956624761198,-11.680875830238573,7.612364288268448,-4.068511541970116,-19.29324011850699,19200
-14.778624654350779,-8.966699368457403,-11.872662011404119,7.677052268851883,-4.195609742552225,-19.54971428025597,19350
-14.165886344716728,-9.444007356652813,-11.804946850684798,7.424680567111604,-4.380266283573184,-19.229627417796372,19500
-14.133399376191967,-8.966206676802535,-11.54980302649728,7.612211882171818,-3.9375911443254537,-19.162014908669065,19650
-14.02099096053565,-9.32886137524107,-11.674926167888389,7.6012741789130756,-4.0736519889753025,-19.276200346801435,19800
-14.074540394200119,-9.697026981325667,-11.885783687762919,7.443966092703011,-4.441817595059898,-19.329749780465903,19950
-14.434168336107824,-10.009432796730614,-12.221800566419244,7.46757715595439,-4.754223410464845,-19.689377722373607,20100
-14.602174690535684,-10.280184830254978,-12.441179760395357,7.416204316406136,-5.0249754439892085,-19.857384076801466,20250
-15.016605214865194,-10.077117350967994,-12.54686128291662,7.698779209796907,-4.848082073119702,-20.2456404927135,20400
-15.112172652566617,-10.338552097907087,-12.725362375236877,7.781712864415742,-4.943649510821125,-20.507075239652593,20550
-15.076511829155633,-10.42841358612907,-12.752462707642378,7.71895170859926,-5.033510999043109,-20.47141441624161,20700
-14.488547668261322,-10.709282605901722,-12.598915137081546,7.37587962583232,-5.223035511249219,-19.97479476291384,20850
-14.438580298526889,-10.782895416571618,-12.610737857549276,7.314089535630153,-5.296648321919117,-19.924827393179406,21000
-14.063340752898554,-10.55357686076985,-12.308458806834226,7.241129040716872,-5.067329766117347,-19.549587847551074,21150
-13.742902222109484,-10.231761569667558,-11.987331895888545,7.240440660560262,-4.746891235328275,-19.227772556448784,21300
-14.0769056917868,-9.589894835595805,-11.833400263691326,7.072462201170103,-4.760938062521216,-18.905862464861407,21450
-14.373287232703692,-9.502775980793327,-11.938031606748531,7.149929283560061,-4.788102323188463,-19.087960890308572,21600
-14.252493807750241,-9.90052709455332,-12.076510451151805,7.299817924335099,-4.7766925268166975,-19.37632837548688,21750
-13.949801938786438,-10.603790633194958,-12.276796285990722,7.486877763342011,-4.789918522648703,-19.763674049332714,21900
-14.165127806569785,-10.469128243987768,-12.317128025278798,7.661871891837279,-4.6552561334415135,-19.97899991711606,22050
-14.3628693495252,-10.39922872176948,-12.381049035647361,7.528051359250428,-4.852997676396927,-19.90910039489777,22200
-13.687987298654553,-10.544791780799018,-12.116389539726809,7.6029694445865115,-4.51342009514029,-19.719358984313303,22350
-13.341537682361537,-10.438749381185069,-11.890143531773326,7.676367499276307,-4.213776032497013,-19.566511031049615,22500
-13.069813067465612,-10.444149861136946,-11.756981464301303,7.537804951852406,-4.2191765124488905,-19.294786416153688,22650
-12.671562201530186,-10.368958398201691,-11.520260299865964,7.560973005162473,-3.9592872947034845,-19.08123330502842,22800
-12.612047130036897,-10.312544927991134,-11.46229602901404,7.559422204521106,-3.902873824492927,-19.02171823353513,22950
-12.707049533100529,-10.109176228719356,-11.408112880909966,7.442947876874532,-3.9651650040354274,-18.851060757784477,23100
-12.34979410554376,-9.898093927172885,-11.123944016358347,7.5160344398796815,-3.6079095764786597,-18.63997845623801,23250
-12.576600676326878,-10.119556433099968,-11.348078554713448,7.513362407451665,-3.8347161472617755,-18.861440962165094,23400
-12.645706672064543,-9.743788195669337,-11.194747433866965,7.400936518117962,-3.7938109157489963,-18.59568395198491,23550
-13.143868146339864,-9.467885394540241,-11.305876770440078,7.120518013536886,-4.185358756903186,-18.42639478397695,23700
-13.174038365956438,-9.78794155374644,-11.480989959851463,6.975575043742074,-4.505414916109385,-18.45656500359352,23850
-12.53012130750604,-10.585649080733758,-11.557885194119924,6.948327350553686,-4.609557843566233,-18.506212544673595,24000
-12.240388931500538,-10.488980598839996,-11.36468476517029,6.854717280947224,-4.509967484223064,-18.2194020461175,24150
-12.20158212514853,-10.484945734197431,-11.343263929673004,6.837331310092501,-4.505932619580499,-18.18059523976549,24300
-11.749829031930815,-10.007821812086167,-10.878825422008513,6.824645895645725,-4.054179526362786,-17.703471317654227,24450
-11.192874237323263,-9.9771192365748,-10.584996736949053,6.760429493607717,-3.824567243341336,-17.34542623055676,24600
-11.473316875553044,-9.60593797618503,-10.53962742586906,6.599025589886498,-3.940601835982558,-17.138653015755548,24750
-11.741446565105038,-9.538238092854472,-10.639842328979778,6.766940376327775,-3.8729019526519988,-17.406782705307545,24900
-11.422724844083422,-9.501833152379414,-10.46227899823144,6.625781986054495,-3.8364970121769404,-17.088060984285928,25050
-11.108492985395229,-9.169021996505801,-10.138757490950537,6.635071634647204,-3.5036858563033273,-16.773829125597732,25200
-11.810900123431994,-9.495999667935722,-10.65344989568388,6.822786367950625,-3.8306635277332486,-17.476236263634497,25350
-12.012954609162813,-9.37605918547564,-10.69450689731925,6.789937867915199,-3.9045690294040436,-17.484444765234443,25500
-11.774195351256969,-9.290442476539617,-10.532318913898314,6.738389175634556,-3.7939297382637522,-17.270708089532864,25650
-12.166821304011009,-9.574288519949551,-10.8705549119803,6.747606771787851,-4.122948140192446,-17.618161683768143,25800
-12.0242793276354,-10.335146245088037,-11.179712786361739,7.0089025181670195,-4.170810268194717,-18.18861530452875,25950
-11.960416400376502,-10.707670807135642,-11.33404360375609,6.79070877351377,-4.54333483024232,-18.124752377269854,26100
-11.977833303887717,-10.744442693620949,-11.36113799875435,6.781031282026724,-4.5801067167276255,-18.14216928078107,26250
-11.610706868628752,-10.733688969527343,-11.172197919078064,6.602844926444045,-4.569352992634019,-17.7750428455221,26400
-11.414305162625128,-10.36116622717014,-10.887735694897653,6.554670279652666,-4.333065415244985,-17.44240597455031,26550
-11.232031066451034,-10.030162253029365,-10.63109665974022,6.53185137516155,-4.099245284578666,-17.162948034901763,26700
-10.703459580969016,-10.07939196555378,-10.391425773261417,6.411020556111993,-3.9804052171494213,-16.802446329373403,26850
-10.686717336055517,-9.971144887980394,-10.328931112017974,6.365268139782049,-3.9636629722359227,-16.69419925180002,27000
-10.885404428456647,-10.501205141387027,-10.693304784921857,6.199581559279298,-4.493723225642555,-16.89288634420115,27150
-10.679970931158662,-10.521352582575275,-10.600661756866987,6.3123720285224145,-4.28828972834457,-16.9130337853894,27300
-10.155442264569862,-10.533968324436922,-10.34470529450341,6.535041951840583,-3.809663342662825,-16.87974724634399,27450
-10.172215233145486,-10.278393775022849,-10.225304504084185,6.671215710835432,-3.5540887932487517,-16.89652021491961,27600
-9.786268955573801,-10.660672811737964,-10.2234708836559,7.026395299626635,-3.1970755840292644,-17.249866183282528,27750
-9.304636600096,-10.808489569741212,-10.056563084918626,6.74979596116814,-3.3067671237504834,-16.80635904608676,27900
-9.178264929639484,-10.542275430427681,-9.860270180033602,6.679874726739632,-3.1803954532939667,-16.54014490677323,28050
-8.864796469140188,-10.696670117016392,-9.78073329307831,6.643794774234718,-3.1369385188435874,-16.424528067313023,28200
-8.629051936119515,-10.49582308914325,-9.562437512631401,6.661243526808485,-2.9011939858229145,-16.22368103943988,28350
-8.002409007611421,-10.596762947349871,-9.299585977480666,6.751874036403962,-2.547711941076701,-16.051460013884622,28500
-8.340324102518254,-10.750676679979863,-9.545500391249078,6.843874717542382,-2.701625673706695,-16.38937510879146,28650
-9.062358846680967,-10.514299724781013,-9.788329285731008,7.0591808507661105,-2.7291484349648982,-16.847510136497117,28800
-8.892970617332002,-10.928131858341963,-9.910551237837002,7.030834389736692,-2.8797168481003097,-16.941385627573688,28950
-8.392899227263657,-11.20384004040996,-9.798369633836828,7.149506895555221,-2.6488627382816063,-16.947876529392044,29100
-8.479510799473914,-10.873715251039552,-9.676613025256755,6.948714166213794,-2.7278988590429605,-16.62532719147054,29250
-9.258564818063332,-10.655049596207498,-9.956807207135437,6.757536460114897,-3.199270747020539,-16.714343667250326,29400
-9.351703130493837,-10.35515893544191,-9.853431032967894,6.954050946712943,-2.8993800862549493,-16.80748197968083,29550
-9.53800898530043,-10.230599428170233,-9.884304206735353,6.7986182656738094,-3.085685941061543,-16.682922472409153,29700
-9.994647758644753,-10.268415716344602,-10.131531737494697,6.58920702308883,-3.5423247144058667,-16.720738760583522,29850
-10.464637847137512,-10.43447091428518,-10.449554380711364,6.5475728053355935,-3.9019815753757716,-16.997127186046953,30000
-9.950186993490473,-10.291635364195383,-10.120911178842944,6.387292245591081,-3.733618933251865,-16.508203424434022,30150
-10.022926077086568,-10.651586211842073,-10.337256144464336,6.530898127616379,-3.80635801684796,-16.868154272080712,30300
-9.494737334752072,-10.655886222360142,-10.075311778556122,6.264653751190098,-3.8106580273660278,-16.339965529746216,30450
-9.142330722062958,-10.756503424226864,-9.949417073144927,6.458454434946884,-3.490962638198046,-16.40787150809181,30600
-9.262393131867032,-11.171421648670513,-10.216907390268789,6.605882342266671,-3.6110250480021198,-16.82278973253546,30750
-9.371150424203272,-10.950007974436257,-10.160579199319782,6.626649387121042,-3.5339298121987412,-16.787228586440822,30900
-9.072907954310079,-10.636185894476862,-9.854546924393487,6.634439192154145,-3.2201077322393457,-16.48898611654763,31050
-8.95075669299333,-10.810948983329352,-9.880852838161358,6.676282734117632,-3.2045701040437278,-16.557135572278987,31200
-9.162251965944698,-10.734996551152586,-9.948624258548659,6.8200065866817,-3.12861767186696,-16.768630845230355,31350
-9.771411413751828,-10.079986195388505,-9.925698804570183,6.758526888936835,-3.16717191563335,-16.684225693507013,31500
-9.926543627319665,-10.136505562069754,-10.031524594694726,6.804911434930721,-3.2266131597640064,-16.836436029625446,31650
-9.822156831911443,-10.924737976433335,-10.373447404172406,6.754264487082846,-3.619182917089562,-17.12771189125525,31800
-10.290134407651927,-11.196876727290439,-10.7435055674712,6.804666438046462,-3.938839129424739,-17.548172005517657,31950
-10.43167472049742,-11.257397138749685,-10.844535929623568,6.76415648735334,-4.080379442270231,-17.608692416976904,32100
-10.72408636324267,-11.442309011917907,-11.083197687580304,6.817906372141855,-4.265291315438453,-17.901104059722154,32250
-10.575297043748632,-11.935629814523924,-11.255463429136293,6.726803636305865,-4.528659792830432,-17.982267065442155,32400
-11.30991245982198,-12.629331254752287,-11.96962185728715,6.747260624228358,-5.222361233058796,-18.7168824815155,32550
-11.635583433871293,-12.800037069816199,-12.217810251843762,6.8247432037210585,-5.393067048122707,-19.042553455564814,32700
-10.996821434812146,-12.496877750453837,-11.746849592633007,6.656941863872666,-5.089907728760345,-18.403791456505665,32850
-10.753628581481344,-12.701281102020776,-11.727454841751076,6.75259098226151,-4.974863859489569,-18.480045824012578,33000
-10.958651017653695,-12.196464864864385,-11.577557941259055,7.082487736721612,-4.495070204537447,-18.660045677980662,33150
-10.167332192951557,-11.96229189744895,-11.064812045200267,7.297453114539613,-3.7673589306606567,-18.36226515973988,33300
-10.895599529760267,-11.715782646575601,-11.305691088167949,7.071845811244425,-4.233845276923526,-18.37753689941237,33450
-10.216103424623476,-11.466842650905386,-10.841473037764446,7.27480961142154,-3.5666634263429096,-18.116282649185983,33600
-9.893079843761482,-11.330912438430419,-10.611996141095966,7.181262927228026,-3.4307332138679425,-17.79325906832399,33750
-9.180171754416435,-10.966858788905567,-10.073515271661016,7.278298738487909,-2.79521653317311,-17.351814010148924,33900
-9.727576553630445,-10.975315398664035,-10.351445976147255,7.5477728332156815,-2.803673142931578,-17.89921880936294,34050
-9.469681912224885,-11.033951046786534,-10.251816479505724,7.654491943487485,-2.597324536018242,-17.90630842299321,34200
-9.816915303604983,-11.03394038994478,-10.425427846774896,7.6600441876447505,-2.7653836591301486,-18.085472034419645,34350
-9.827899995435592,-10.895361439938664,-10.361630717687143,7.585262366726389,-2.776368350960756,-17.94689308441353,34500
-9.602502698144306,-10.664602228040621,-10.13355246309248,7.5879433240297685,-2.5456091390627114,-17.721495787122244,34650
-10.145565114859338,-10.151217128576121,-10.148391121717745,7.663992289844615,-2.4843988318731296,-17.812383411562358,34800
-10.46869933318039,-9.998154455228281,-10.233426894204353,7.425893844010169,-2.807533050194184,-17.659320738214518,34950
-9.87053026911347,-10.187917731932837,-10.02922400052317,7.224572188169975,-2.804651812353194,-17.25379618869314,35100
-10.117109299933404,-9.771238899812904,-9.94417409987317,6.8929432567000415,-3.051230843173127,-16.83711735657321,35250
-10.695270359565322,-9.741800992497883,-10.21853567603162,7.1586175218914825,-3.059918154140135,-17.3771531979231,35400
-10.496673525837412,-9.076708813272758,-9.786691169555102,6.9466910315472195,-2.840000138007881,-16.733382201102316,35550
-10.456142668746955,-8.690398049050025,-9.573270358898505,6.921729364074268,-2.6515409948242374,-16.49499972297277,35700
-11.000765056120812,-8.668504985705944,-9.834635020913396,7.078745076719164,-2.755889944194231,-16.913380097632558,35850
-11.732340882311183,-9.275354061963622,-10.503847472137423,7.016381701752818,-3.487465770384602,-17.520229173890236,36000
-11.81105876917987,-9.741079811161173,-10.776069290170541,6.822877770588388,-3.953191519582152,-17.598947060758924,36150
-11.099380237696515,-10.55392435361005,-10.826652295653302,6.890627324649994,-3.9360249710033077,-17.71727962030329,36300
-11.51410357380483,-10.050851787647082,-10.782477680725977,7.086261555260097,-3.6962161254658765,-17.86873923598607,36450
-11.710870677831222,-9.947393162837264,-10.829131920334264,6.936148690841993,-3.892983229492268,-17.765280611176248,36600
-12.221976012941914,-9.812921681095542,-11.01744884701875,7.258937099268199,-3.758511747750548,-18.27638594628694,36750
-11.790430421140284,-9.40461944637972,-10.597524933760024,7.247315420725296,-3.3502095130347254,-17.84484035448531,36900
-11.394427134842594,-9.470621050557215,-10.432524092699929,7.016312975487704,-3.41621111721222,-17.448837068187622,37050
-11.150263824366762,-9.493058057166087,-10.32166094076645,7.149613134030057,-3.1720478067363875,-17.471274074796494,37200
-10.939000867907641,-9.242418734549851,-10.09070980122877,7.1299249509515,-2.9607848502772676,-17.22063475218026,37350
-10.359746988168485,-9.251969122629502,-9.805858055399018,7.31399385733805,-2.4918641980609646,-17.119851912737058,37500
-10.697696248859133,-9.113846957744409,-9.905771603301794,7.526502478091811,-2.3792691252099796,-17.432274081393597,37650
-10.725979518907172,-8.261714667189354,-9.493847093048286,7.494800739532611,-1.9990463535156715,-16.988647832580888,37800
-10.853561135394232,-8.073514041780484,-9.46353758858738,7.652691860480576,-1.8108457281068016,-17.116229449067948,37950
-11.298085353118879,-8.25093377118653,-9.774509562152726,7.519139616321276,-2.2553699458314482,-17.29364917847399,38100
-11.207819789496948,-7.653742859703389,-9.43078132460019,7.26567694239067,-2.165104382209517,-16.696458266990852,38250
-11.079030744289836,-7.657218845037973,-9.368124794663926,7.1995444271198235,-2.168580367544101,-16.56766922178374,38400
-11.389830457488344,-8.26051591159141,-9.825173184539898,7.220202266480638,-2.604970918059258,-17.045375451020526,38550
-11.313556518477524,-8.082270993835023,-9.697913756156293,7.169216777107854,-2.5286969790484393,-16.867130533264138,38700
-11.001129425263983,-8.694232184438642,-9.847680804851333,7.241355055385729,-2.606325749465603,-17.08903586023705,38850
-10.441128554321477,-9.244750244244512,-9.842939399283017,7.226009316719177,-2.6169300825638375,-17.068948716002183,39000
-10.700853351877754,-9.290787276673916,-9.995820314275857,7.332853199282615,-2.662967114993241,-17.32867351355846,39150
-10.814964720334098,-8.872527758361759,-9.843746239347952,7.203375985628843,-2.6403702537191083,-17.047122224976782,39300
-10.673592058972856,-8.98440812598572,-9.82900009247931,7.181681136716139,-2.6473189557631707,-17.010681229195438,39450
-11.129147274261516,-8.885371005784917,-10.00725914002324,7.341087498337029,-2.6661716416862085,-17.348346638360255,39600
-10.651548473540055,-8.98890883894182,-9.82022865624096,7.359748000110624,-2.4604806561303354,-17.17997665635157,39750
-10.62685905529024,-8.58021905482548,-9.603539055057883,7.321795857829848,-2.2817431972280344,-16.925334912887717,39900
-10.360700521309802,-8.197776436047535,-9.279238478678693,7.379937900228601,-1.899300578450088,-16.65917637890728,40050
-10.47827912338894,-7.916586122588966,-9.197432622988977,7.579322357997456,-1.6181102649915187,-16.776754980986418,40200
-10.044568943888827,-8.008687507798768,-9.026628225843822,7.779827710156593,-1.2468005156872253,-16.8064559360004,40350
-9.890626580436953,-7.857748778434955,-8.874187679435979,7.781329527200623,-1.0928581522353513,-16.65551720663659,40500
-9.785545279142074,-8.654435087476603,-9.219990183309362,7.547397241244417,-1.6725929420649437,-16.767387424553764,40650
-10.145215878949333,-8.85601313749803,-9.500614508223705,7.468350966351501,-2.0322635418722035,-16.96896547457519,40800
-9.631483033086806,-8.381510728862231,-9.006496880974543,7.448735747738136,-1.5577611332364052,-16.45523262871266,40950
-9.919969326891223,-8.327598659713543,-9.123783993302407,7.277536566261583,-1.846247427040823,-16.40132055956397,41100
-10.03900302180642,-8.22897869694441,-9.133990859375439,7.386363395103749,-1.7476274642716896,-16.52035425447917,41250
-10.566255557234944,-8.223882016648496,-9.395068786941744,7.381074971795988,-2.013993815145755,-16.776143758737714,41400
-10.239881952858722,-8.995606787547004,-9.617744370202887,7.351290098592399,-2.2664542716104883,-16.969034468795268,41550
-10.508486712036012,-9.161908524364367,-9.835197618200214,7.300138587412436,-2.535059030787778,-17.13533620561263,41700
-9.84952654214562,-9.077986850457796,-9.463756696301731,7.408483567136156,-2.0552731291655744,-16.872240263437867,41850
-10.205143254106273,-8.766977017534684,-9.486060135820502,7.690213866900197,-1.7958462689203047,-17.176274002720678,42000
-10.28407613315919,-9.032837118411004,-9.65845662578512,7.699500553487672,-1.958956072297448,-17.357957179272773,42150
-9.588333514105512,-9.728766028642491,-9.658549771374025,7.791063594225642,-1.8674861771483828,-17.449613365599646,42300
-9.139898558560525,-9.714640119040574,-9.42726933880057,8.008218117197178,-1.4190512216033933,-17.43548745599773,42450
-9.111759198389342,-10.056663107473003,-9.584211152931196,8.193299291498983,-1.3909118614322111,-17.77751044443016,42600
-9.137436191977077,-10.205033715291934,-9.67123495363453,8.25464609861458,-1.4165888550199464,-17.92588105224909,42750
-8.709438829819101,-10.344678905559926,-9.527058867689538,7.970824822401599,-1.5562340452879377,-17.497883690091115,42900
-8.798944006666915,-10.396902732026279,-9.59792336934662,7.98946549759233,-1.6084578717542888,-17.58738886693893,43050
-8.982351824236668,-10.74863347248192,-9.865492648359318,7.925698672942088,-1.9397939754172273,-17.791191321301387,43200
-8.828388616292926,-10.966618691493698,-9.897503653893336,7.739724459464328,-2.157779194429007,-17.637228113357647,43350
-8.71287264742176,-10.777411646462772,-9.745142146942293,7.702878921384448,-2.0422632255578415,-17.44802106832672,43500
-8.240415702825626,-10.560026459381408,-9.400221081103542,7.828897637613735,-1.5713234434898053,-17.22911871871726,43650
-8.235019417412003,-9.961266504402221,-9.098142960907136,7.532215802830953,-1.565927158076182,-16.630358763738073,43800
-8.112225462725462,-10.547053293917534,-9.329639378321522,7.231973993286133,-2.097665385035386,-16.56161337160764,43950
-8.094102726743994,-10.795851711133729,-9.444977218938885,7.365434569884963,-2.0795426490539186,-16.81041178882383,44100
-7.616869170521918,-10.7167196495365,-9.166794410029233,7.166383822572538,-2.0004105874566926,-16.333178232601757,44250
-7.5384629483591015,-10.873303759401205,-9.205883353880177,7.048888656558777,-2.1569946973213976,-16.25477201043894,44400
-7.4216957807884505,-11.294142271747035,-9.357919026267766,7.00044892721761,-2.357470099050153,-16.358367953485363,44550
-7.3233783971756745,-10.741619997595626,-9.032499197385675,6.935543928701321,-2.0969552686843507,-15.968043126086982,44700
-7.2965400381928065,-10.848596796953938,-9.072568417573398,7.002451507871911,-2.070116909701482,-16.075019925445293,44850
-7.906429894873188,-10.712695028575489,-9.309562461724362,6.896876280105373,-2.4126861816189855,-16.20643874182972,45000
-7.865355308749923,-11.077284667531039,-9.471319988140504,6.6940441675659645,-2.7772758205745363,-16.165364155706456,45150
-7.536627797900365,-11.99529068615844,-9.765959242029426,6.908904890562095,-2.8570543514673274,-16.674864132591505,45300
-7.631371594574697,-12.368061606971049,-9.999716600772896,6.769891328492957,-3.2298252722799354,-16.769607929265838,45450
-7.359105630388091,-12.235445061739807,-9.797275346063971,6.839716037970638,-2.9575593080933285,-16.636991384034594,45600
-7.997757388968242,-12.089007039365752,-10.04338221416702,7.097080913740899,-2.9463013004261156,-17.140463127907903,45750
-8.450708296318021,-12.441388564793117,-10.44604843055559,7.147365604702106,-3.298682825853481,-17.593414035257684,45900
-7.8653243037353,-12.331566884582992,-10.098445594159166,7.3851467608884045,-2.713298833270759,-17.48359235504756,46050
-8.345076840589567,-12.223508773750858,-10.284292807170232,7.590722346429068,-2.693570460741162,-17.87501515359929,46200
-8.444981630767638,-12.131730334286472,-10.288355982527076,7.494880731607839,-2.793475250919232,-17.7832367141349,46350
-8.897151746815346,-12.057884421239397,-10.477518084027393,7.2318727170604475,-3.2456453669669414,-17.709390801087828,46500
-8.277140092717568,-12.445032275397935,-10.361086184057774,7.426073736624549,-2.9350124474332207,-17.78715992068231,46650
-7.9988046270739845,-12.422423876284856,-10.210614251679443,7.417229040159322,-2.793385211520116,-17.627843291838754,46800
-8.22711950311939,-12.247596824864626,-10.237358163992031,7.513868338312242,-2.7234898256797844,-17.751226502304263,46950
-7.905707641257147,-12.017387587308818,-9.961547614283004,7.468267026159026,-2.493280588123975,-17.42981464044202,47100
-8.233749464915196,-11.578810986622502,-9.906280225768871,7.542347419618433,-2.3639328061504354,-17.448627645387297,47250
-8.320089232570886,-11.822084439910167,-10.071086836240548,7.466766221781935,-2.604320614458611,-17.537853058022478,47400
-8.201860185011329,-11.711023424210511,-9.956441804610941,7.463182205851983,-2.493259598758955,-17.41962401046292,47550
-7.674326343795356,-12.504323214251848,-10.089324779023622,7.505063527493258,-2.5842612515303607,-17.594388306516876,47700
-8.110872599958252,-12.643073683011478,-10.376973141484887,7.356165633791626,-3.020807507693257,-17.733138775276508,47850
-8.256665782695443,-12.77580825747375,-10.516237020084615,7.3496363296541665,-3.166600690430446,-17.865873349738777,48000
-8.424786945118683,-12.561847650032302,-10.493317297575514,7.3237256953744545,-3.169591602201055,-17.81704299294996,48150
-8.130262489585673,-12.342477819591645,-10.236370154588679,7.361303007920629,-2.875067146668045,-17.597673162509306,48300
-7.946255369690544,-12.645132526396479,-10.295693948043528,7.3820833679515,-2.913610580092025,-17.677777315995026,48450
-8.089047474230153,-12.870539811077629,-10.479793642653908,7.42339095802227,-3.056402684631634,-17.903184600676177,48600
-7.692755715494238,-12.996494682240765,-10.34462519886752,7.346011913701383,-2.9986132851661336,-17.6906371125689,48750
-7.312127145018106,-13.278561974009001,-10.295344559513573,7.416473660269109,-2.878870899244459,-17.711818219782682,48900
-7.481153630319085,-13.064500217061402,-10.272826923690264,7.22492953914482,-3.047897384545438,-17.49775646283508,49050
-7.188842064541921,-13.270576538084661,-10.22970930131331,7.474123482545032,-2.755585818768274,-17.703832783858342,49200
-7.382671290147925,-13.409956000098193,-10.396313645123078,7.446898600748796,-2.9494150443742773,-17.84321224587187,49350
-7.040105815883472,-13.838089340075724,-10.439097577979616,7.217204435663862,-3.2218931423157495,-17.65630201364348,49500
-7.684977529550779,-13.832065634367359,-10.758521581959087,7.43990184785252,-3.318619734106562,-18.198423429811605,49650
-7.791797395632617,-13.285885307024056,-10.538841351328353,7.11340175113995,-3.4254396001884,-17.652243102468304,49800
-8.052308251415273,-12.919412024733731,-10.48586013807452,6.97753953835887,-3.508320599715646,-17.463399676433387,49950
-8.165745884308942,-12.69056524941719,-10.428155566863083,6.806397334253765,-3.621758232609315,-17.234552901116846,50100
-8.400181159993123,-12.625266652048682,-10.512723906020916,6.757536273554178,-3.7551876324667366,-17.270260179575097,50250
-8.236247410347495,-12.405830848833707,-10.321039129590618,6.785287300338852,-3.5357518292517636,-17.106326429929467,50400
-8.419612330054184,-12.585323384913956,-10.502467857484087,6.787223492152071,-3.7152443653320133,-17.289691349636158,50550
-7.822059973126013,-12.690013592104608,-10.256036782615329,7.138344774211483,-3.1176920084038433,-17.394381556826808,50700
-7.848435749387992,-13.00030998045089,-10.42437286491946,7.21198006920529,-3.212392795714168,-17.636352934124744,50850
-7.815660404316523,-12.99372708144293,-10.404693742879745,7.225076292237044,-3.1796174506426986,-17.629770035116785,51000
-8.162251595844861,-13.525168212486676,-10.843709904165786,7.317501261994749,-3.5262086421710364,-18.16121116616053,51150
-8.306008238864646,-13.558183729108848,-10.932095983986764,7.262130698795943,-3.6699652851908224,-18.194226682782702,51300
-8.153812361995572,-13.672793595531864,-10.913302978763737,7.395533570441988,-3.517769408321749,-18.30883654920572,51450
-8.226067407517641,-13.589168773293126,-10.907618090405403,7.317593636561585,-3.59002445384382,-18.225211726966982,51600
-8.156450263874921,-13.71354764943013,-10.934998956652544,7.220595626671724,-3.7144033299808212,-18.155594583324262,51750
-8.51806263009423,-13.598628960904962,-11.058345795499612,7.45886115404396,-3.5994846414556543,-18.51720694954357,51900
-8.701148917481778,-13.426863497360419,-11.064006207421116,7.415923918892933,-3.6480822885281845,-18.479930126314045,52050
-8.720802441864684,-13.639262974806705,-11.18003270833571,7.350099448671593,-3.829933259664119,-18.5301321570073,52200
-8.87005440201875,-13.74702757670798,-11.308540989363383,7.329355769545198,-3.979185219818186,-18.637896758908578,52350
-8.802632040260146,-13.969053046007268,-11.385842543133725,7.206759100311266,-4.179083442822459,-18.59260164344499,52500
-8.975612495169415,-13.269652197853498,-11.122632346511473,7.642949751842787,-3.4796825946686893,-18.76558209835426,52650
-9.350181056501224,-13.157787351609505,-11.25398420405538,7.399733048054885,-3.8542511560004975,-18.653717252110265,52800
-8.8354991728256,-13.66636005043043,-11.250929611628031,7.731974661748204,-3.5189549498798294,-18.982904273376235,52950
-9.104355442641822,-13.563240303790023,-11.333797873215936,7.6251051483050505,-3.70869272491089,-18.958903021520985,53100
-8.741281133723112,-13.428345297984421,-11.084813215853783,7.511015496748496,-3.5737977191052903,-18.59582871260228,53250
-8.54985086020123,-13.70291495511213,-11.126382907656696,7.58985858255295,-3.5365243251037497,-18.716241490209647,53400
-9.105678209293089,-13.357968127997626,-11.231823168645372,7.397776842245256,-3.8340463264001206,-18.62960001089063,53550
-8.963329612708373,-13.639768521421747,-11.301549067065073,7.185702347240838,-4.115846719824241,-18.487251414305916,53700
-8.747706146961836,-13.374135654086547,-11.060920900524204,7.160697646446505,-3.900223254077705,-18.221618546970713,53850
-8.745581339892592,-13.176423296186533,-10.961002318039576,7.244593724249038,-3.716408593790543,-18.20559604228862,54000
-9.060789209360697,-12.730340396144083,-10.895564802752403,6.927458335312056,-3.968106467440354,-17.823023138064464,54150
-9.112369332625216,-12.901023887266108,-11.006696609945674,6.987010019240809,-4.0196865907048736,-17.993706629186487,54300
-8.382896951483753,-12.882587182605416,-10.632742067044596,7.044317595595456,-3.5884244714491467,-17.67705966264006,54450
-8.86619387620604,-13.20259300027429,-11.034393438240176,7.125963149122164,-3.90843028911802,-18.160356587362347,54600
-8.59254199422723,-13.548634990680528,-11.070588492453892,6.9784204796831,-4.092168012770798,-18.049008972136996,54750
-8.693035589441111,-13.182859266710388,-10.937947428075766,7.208669494295621,-3.729277933780148,-18.14661692237139,54900
-8.582220532934002,-13.44874426501221,-11.015482398973122,7.235626199294806,-3.779856199678319,-18.25110859826793,55050
-8.801345187576615,-12.85751033961285,-10.82942776359475,6.938507352045866,-3.890920411548887,-17.767935115640615,55200
-8.749152492953794,-12.877194705641266,-10.813173599297548,6.9744458823714846,-3.838727716926067,-17.78761948166903,55350
-8.496032407295719,-12.56273051110417,-10.529381459199962,6.943773827931975,-3.585607631267992,-17.473155287131934,55500
-8.7047344540414,-12.442245096424148,-10.57348977523279,7.108367558644826,-3.4651222165879703,-17.681857333877616,55650
-8.881681918588692,-12.296401901831407,-10.589041910210067,6.946972229074809,-3.6420696811352626,-17.536014139284877,55800
-9.295213755944598,-12.464872142074343,-10.88004294900949,6.824441430518323,-4.055601518491169,-17.704484379527813,55950
-9.72933404501367,-12.255329063431578,-10.992331554222641,6.987814442275407,-4.004517111947239,-17.98014599649805,56100
-9.908149384674443,-12.710755924941857,-11.309452654808169,7.12612020320016,-4.1833324516080115,-18.435572858008328,56250
-10.320486903353894,-12.74680911666998,-11.533648010011955,6.937978039724495,-4.595669970287463,-18.47162604973645,56400
-10.343495845593152,-12.591247540557458,-11.467371693075325,6.891087226715184,-4.576284466360141,-18.358458919790507,56550
-10.854977654860958,-11.927145013731685,-11.391061334296342,6.8178102752856455,-4.573251059010696,-18.208871609581987,56700
-10.813578989689113,-11.891812497258575,-11.352695743473864,6.820843349635013,-4.531852393838849,-18.173539093108875,56850
-10.962705607221006,-12.33719697837089,-11.649951292795969,6.968972281425225,-4.680979011370742,-18.618923574221192,57000
-10.467388677208454,-12.439672812025321,-11.453530744616907,6.719723541382223,-4.7338072032346865,-18.173254285999132,57150
-10.190249295315091,-12.353509970357177,-11.271879632836153,6.815211811494833,-4.4566678213413216,-18.087091444330987,57300
-10.34559679487102,-13.294045016571339,-11.819820905721196,7.03017572856854,-4.789645177152661,-18.849996634289738,57450
-10.662853913247147,-13.248686457395737,-11.955770185321462,6.990961112405456,-4.964809072916008,-18.94673129772692,57600
-10.092725066693166,-13.363037760557125,-11.727881413625166,7.2321953114363815,-4.495686102188786,-18.960076725061548,57750
-10.020697345901391,-13.094828047358739,-11.557762696630085,7.330286307639687,-4.2274763889904,-18.888049004269774,57900
-9.863073727080456,-12.663781961319685,-11.26342784420009,7.466997541248746,-3.796430302951345,-18.73042538544884,58050
-10.00851300179421,-12.159140176489977,-11.083826589142111,7.141957011477015,-3.9418695776651,-18.22578360061913,58200
-9.828481779560596,-12.096755627004478,-10.962618703282553,7.200780347851073,-3.7618383554314843,-18.163399051133634,58350
-9.924612478089717,-12.189872717690395,-11.057242597890072,7.199273543929471,-3.857969053960604,-18.25651614181955,58500
-9.784337444539254,-11.665266839845906,-10.724802142192594,7.007108121782457,-3.7176940204101414,-17.73191026397506,58650
-9.760377590646295,-11.633283800617706,-10.696830695632013,7.003096529114835,-3.6937341665171823,-17.699927224746858,58800
-10.117041472936341,-11.589019884137242,-10.853030678536804,6.882706122651891,-3.970324555884917,-17.735736801188708,58950
-10.25166200945287,-11.316275625335638,-10.783968817394268,6.769010671823613,-4.014958145570657,-17.552979489217893,59100
-10.417355938596446,-11.18483550032225,-10.801095719459363,6.917577698902095,-3.88351802055727,-17.71867341836147,59250
-10.473490971873666,-11.832457145215626,-11.15297405854466,6.687341508467187,-4.465632550077476,-17.840315567011857,59400
-10.24821016165065,-12.041486523847896,-11.144848342749285,6.770007962579814,-4.374840380169477,-17.91485630532911,59550
-10.392123709796747,-11.785868682644379,-11.088996196220576,6.939225150944271,-4.14977104527631,-18.02822134716486,59700
-10.143590991008917,-12.033034369783332,-11.088312680396138,7.187074353907662,-3.9012383264884805,-18.27538703430381,59850
-9.836313482419053,-11.856609912567784,-10.846461697493432,7.252500879594821,-3.593960817898615,-18.098962577088262,60000
-9.534433952507424,-12.270495213424935,-10.902464582966195,6.894618464210431,-4.007846118755766,-17.797083047176635,60150
-9.626950460673457,-11.90529618357663,-10.76612332212506,6.771682153058794,-3.994441169066267,-17.537805475183863,60300
-10.108207177917741,-11.153387240075013,-10.630797208996393,6.544396078490151,-4.086401130506245,-17.17519328748655,60450
-10.526533221321754,-11.26060571428669,-10.893569467804241,6.699949863086317,-4.193619604717925,-17.593519330890565,60600
-10.405656857779155,-11.890610838438775,-11.148133848108982,6.653660143799405,-4.494473704309581,-17.801793991908394,60750
-10.908403736806138,-11.663363124315978,-11.285883430561078,6.706814389245045,-4.579069041316034,-17.99269781980613,60900
-11.03864657235434,-11.902950875192698,-11.47079872377354,6.652141931580786,-4.818656792192753,-18.12294065535433,61050
-10.938609031062114,-11.53384740620802,-11.236228218635087,6.786674895427013,-4.4495533232080735,-18.022903114062107,61200
-11.305306102865597,-11.277539765249589,-11.291422934057614,6.8055374628526355,-4.485885471204978,-18.096960396910255,61350
-11.255134515611191,-11.11304529974739,-11.184089907679311,6.8626989019765325,-4.321391005702777,-18.046788809655848,61500
-11.615565501040292,-11.298641416098057,-11.457103458569195,6.950116336515748,-4.506987122053445,-18.40721979508495,61650
-11.762330697872079,-11.177164925620179,-11.469747811746151,6.846114975513049,-4.6236328362331,-18.315862787259203,61800
-12.110905468399276,-11.311518477286425,-11.711211972842873,6.739004366082572,-4.972207606760298,-18.450216338925447,61950
-11.492793791579833,-11.348663743199365,-11.42072876738962,6.5578418253361574,-4.862886942053461,-17.97857059272578,62100
-11.387653938478746,-10.83119845119252,-11.109426194835653,6.601700278035574,-4.507725916800076,-17.711126472871232,62250
-10.894114631420656,-10.842565956022451,-10.868340293721573,6.3907700097750535,-4.477570283946519,-17.259110303496634,62400
-11.118924175766178,-10.65255998986845,-10.885742082817332,6.382871032621162,-4.50287105019617,-17.268613115438505,62550
-11.303997564829961,-10.86762061939331,-11.085809092111653,6.367877412390623,-4.717931679721031,-17.453686504502286,62700
-11.593657671622557,-10.320973158468057,-10.957315415045326,6.5485387884874795,-4.408776626557846,-17.505854203532817,62850
-11.949287291636114,-10.603479659021858,-11.276383475329004,6.5119772287576,-4.7644062465714025,-17.788360704086614,63000
-11.90819751612597,-10.556502631450835,-11.232350073788421,6.5149208547880395,-4.717429219000381,-17.74727092857647,63150
-11.876439907848296,-10.48245425516138,-11.179447081504856,6.493775470782149,-4.685671610722708,-17.673222552287015,63300
-11.708503889059847,-10.78507471610589,-11.246789302582888,6.729053710648629,-4.517735591934257,-17.975843013231525,63450
-11.370380508050543,-10.698004183775547,-11.034192345913063,6.603527286309149,-4.430665059603913,-17.637719632222225,63600
-11.341433748050424,-10.448646709340252,-10.895040228695358,6.493321929091562,-4.401718299603793,-17.38836215778693,63750
-11.065624528325046,-10.44029212212941,-10.752958325227246,6.6270492453488306,-4.125909079878414,-17.380007570576087,63900
-10.953289701243236,-10.098719554668214,-10.526004627955745,6.741668115538524,-3.7843365124172186,-17.26767274349428,64050
-10.621681572178966,-10.43807964989066,-10.529880611034832,6.5626370110646315,-3.967243599970199,-17.092517622099475,64200
-10.801005398459996,-10.156630923244236,-10.478818160852136,6.445542674706462,-4.033275486145672,-16.924360835558605,64350
-10.982130948886109,-9.344584705615967,-10.163357827251058,6.490215453117172,-3.6731423741338833,-16.65357328036824,64500
-10.960712184632566,-9.801360079426962,-10.381036132029784,6.72931252214944,-3.651723609880341,-17.110348654179237,64650
-11.121706686814582,-10.128708741582344,-10.625207714198485,6.8124896021361225,-3.8127181120623557,-17.437697316334617,64800
-11.085690705389517,-9.438218665412426,-10.261954685400994,6.532168959105726,-3.729785726295262,-16.79412364450673,64950
-11.11688955612637,-9.383980546330648,-10.25043505122853,6.574887444015042,-3.6755476072134825,-16.825322495243583,65100
-11.18904958651568,-9.310432852843691,-10.24974121967971,6.502033582076909,-3.747707637602791,-16.751774801756625,65250
-11.042941827656053,-9.529915310520725,-10.286428569088411,6.431313448130336,-3.8551151209580676,-16.717742017218754,65400
-11.205147760006183,-9.461653370419695,-10.333400565212964,6.546547384355916,-3.7868531808570385,-16.879947949568884,65550
-11.918295430622958,-9.858239334310722,-10.888267382466868,6.632272096350728,-4.2559952861161285,-17.520539478817597,65700
-12.08953121980927,-9.581296642079314,-10.835413930944322,6.523119063275512,-4.312294867668796,-17.358532994219836,65850
-12.197413887945334,-9.262317167167284,-10.729865527556337,6.457367219718873,-4.272498307837451,-17.18723274727521,66000
-12.224302195271639,-9.326673193779245,-10.775487694525474,6.476101079361701,-4.2993866151637565,-17.25158877388717,66150
-12.704939205753288,-9.324668901595256,-11.014804053674302,6.599538620965217,-4.41526543270907,-17.614342674639516,66300
-12.380287797948712,-9.127440497864747,-10.753864147906762,6.583176630079938,-4.17068751782681,-17.337040777986694,66450
-12.738666683390596,-9.060069463030088,-10.899368073210374,6.796051590218209,-4.10331648299215,-17.695419663428577,66600
-12.305206804241354,-9.015215709855276,-10.660211257048347,6.632165845151715,-4.028045411896616,-17.292377102200057,66750
-11.96577988655436,-9.044724317647589,-10.505252102101007,6.816633607891369,-3.688618494209622,-17.32188570999237,66900
-11.969179144211143,-8.749190797449044,-10.359184970830126,6.667167218963703,-3.6920177518664055,-17.026352189793823,67050
-11.68354750675848,-9.186980578195444,-10.435264042476996,6.659895045023972,-3.7753689974530067,-17.09515908750096,67200
-11.849757439832825,-9.002048654453207,-10.425903047143048,6.4843241166156815,-3.9415789305273496,-16.91022716375872,67350
-12.045455759872352,-8.794902240187163,-10.42017900002979,6.532766186099134,-3.887412813930638,-16.952945186128915,67500
-12.24481362147015,-8.622930271759545,-10.43387194661488,6.718431101111843,-3.7154408455030206,-17.152303047726715,67650
-12.20123653534066,-8.885100438821974,-10.543168487081353,6.7653832698522685,-3.777785217229066,-17.30855175693361,67800
-12.190696341557427,-8.757282496931532,-10.473989419244514,6.824022143905872,-3.6499672753386228,-17.298011563150375,67950
-11.541877338873492,-8.546857384316441,-10.044367361595,6.6529930249628,-3.391374336632182,-16.69736038655779,68100
-12.009855051311668,-8.156073441701562,-10.082964246506648,6.753222827928898,-3.3297414185777314,-16.836187074435536,68250
-11.43890956497612,-8.20843271403815,-9.823671139507168,6.646723665244436,-3.1769474742627137,-16.470394804751596,68400
-11.549787792491207,-8.409845818934398,-9.979816805712835,6.6014562265538554,-3.378360579158961,-16.58127303226668,68550
-12.009070800731415,-8.668627694068766,-10.338849247400123,6.7017067931067755,-3.63714245429333,-17.04055604050689,68700
-12.175874645917904,-8.80183192230259,-10.48885328411028,6.718506601583109,-3.770346682527154,-17.20735988569338,68850
-12.492127794434264,-8.898742452709772,-10.695435123572052,6.828177910637699,-3.8672572129343363,-17.52361303420974,69000
-11.969136718835557,-8.217980311022302,-10.093558514928965,6.9070634436820795,-3.186495071246867,-17.00062195861103,69150
-12.02368650704762,-8.425707282887132,-10.22469689496741,6.9535325528563305,-3.27116434211106,-17.178229447823732,69300
-11.96672492806337,-8.066263852541654,-10.016494390302547,6.906169282802864,-3.1103251074996647,-16.9226636731054,69450
-12.120071382596011,-8.448697850349319,-10.2843846164727,7.0207130544403755,-3.263671562032306,-17.305097670913064,69600
-12.183686249794214,-9.324829674190863,-10.754257961992574,7.176950360609751,-3.5773076013828033,-17.931208322602313,69750
-12.820783991093663,-9.252111577717834,-11.036447784405784,7.4903351418124995,-3.5461126425932643,-18.526782926218274,69900
-12.871586496340413,-9.252427881026668,-11.062007188683577,7.515578242781459,-3.546428945902097,-18.57758543146502,70050
-12.162069867635442,-9.136437916424676,-10.649253892030094,7.734268372521982,-2.914985519508092,-18.383522264552063,70200
-11.957969245755885,-9.735256688935124,-10.846612967345541,7.536912909761202,-3.3097000575843163,-18.38352587710673,70350
-12.439986600628561,-9.35053937644347,-10.895262988536054,7.795355225131288,-3.0999077634047443,-18.690618213667324,70500
-11.691309171623384,-9.62772998379841,-10.659519577710935,7.808084279172134,-2.851435298538778,-18.467603856883056,70650
-11.859592948833695,-9.737961648068394,-10.798777298451082,7.791591381026244,-3.007185917424816,-18.59036867947731,70800
-12.16885945783842,-9.780983290287232,-10.974921374062863,7.658468947633301,-3.3164524264295414,-18.63339032169615,70950
-12.448103325448038,-9.740726645572078,-11.094414985510095,7.818219203795685,-3.2761957817143887,-18.912634189305766,71100
-12.546799080460579,-9.561430674504287,-11.05411487748247,7.717269988792882,-3.3368448886895656,-18.771384866275337,71250
-12.25057868350293,-9.735786461821743,-10.993182572662372,7.952558080930435,-3.040624491731917,-18.94574065359279,71400
-12.173360238458388,-10.230032771244197,-11.201696504851327,7.966658271617969,-3.23503823323334,-19.168354776469283,71550
-12.276963576806272,-10.256712436252274,-11.266838006529309,7.928196434948066,-3.3386415715812245,-19.195034441477357,71700
-12.219144889974658,-10.788074886277906,-11.503609888126316,8.109495063271131,-3.3941148248551682,-19.613104951397432,71850
-12.121371903710912,-11.33937720245436,-11.730374553082667,7.892774052053329,-3.837600501029324,-19.623148605135984,72000
-11.654205070765721,-10.773803895350643,-11.214004483058215,7.843570814974067,-3.3704336680841327,-19.057575298032265,72150
-12.066639695602152,-11.039403458272211,-11.553021576937216,7.770153284016634,-3.782868292920564,-19.323174860953834,72300
-11.906224326380626,-11.254198770502772,-11.58021154844173,7.910842220400649,-3.6693693280410646,-19.491053768842367,72450
-11.749201276526243,-11.1899141601612,-11.469557718343754,7.864473000644244,-3.6050847176994933,-19.334030718987986,72600
-12.323244470756993,-10.750935577712564,-11.53709002423481,7.933217338971591,-3.6038726852632035,-19.470307363206388,72750
-12.850771256953927,-10.690304871402931,-11.77053806417846,8.11522111090312,-3.655316953275326,-19.885759175081567,72900
-12.566039186224007,-11.449464569252687,-12.007751877738377,8.070801739111431,-3.9369501386269308,-20.078553616849796,73050
-12.373538933523816,-11.131902410579722,-11.752720672051796,8.133332692097818,-3.6193879799539657,-19.886053364149607,73200
-12.278119461752045,-11.05438259295947,-11.666251027355784,8.124382865022058,-3.5418681623337154,-19.790633892377834,73350
-11.627085136256524,-11.141506034077462,-11.384295585167017,8.345782520361405,-3.0385130648056013,-19.73007810552842,73500
-11.604794867120281,-11.040734546816022,-11.322764706968174,8.306541911298806,-3.0162227956693597,-19.629306618266977,73650
-11.291946419534177,-10.7869671314912,-11.039456775512711,8.277001395168163,-2.7624553803445395,-19.316458170680875,73800
-10.94936204943845,-11.006612036446029,-10.977987042942258,8.558116032693441,-2.419871010248811,-19.5361030756357,73950
-10.222196737960688,-11.102159528566101,-10.662178133263412,8.453735567385028,-2.208442565878379,-19.115913700648445,74100
-10.525014280044394,-11.379474007426486,-10.952244143735456,8.440984035773369,-2.5112601079620833,-19.393228179508828,74250
-10.415465479556127,-11.069639522056496,-10.742552500806328,8.340841193332505,-2.401711307473819,-19.083393694138834,74400
-10.719286538122411,-10.870802851632643,-10.795044694877545,8.591281287142634,-2.203763407734906,-19.38632598202018,74550
-11.057126153352838,-11.023354234937505,-11.040240194145188,8.498637171179851,-2.5416030229653326,-19.53887736532504,74700
-11.105970680494508,-10.736433723491178,-10.921202201992857,8.402693552316153,-2.5185086496767006,-19.323895754309014,74850
-11.390069640994604,-10.913727095158436,-11.151898368076536,8.456096346732574,-2.695802021343959,-19.607994714809113,75000
-11.48071003770582,-11.675394587267443,-11.578052312486648,8.218783483648977,-3.359268828837667,-19.79683579613563,75150
-11.425418784379431,-11.133872068698281,-11.27964542653887,8.262073320933977,-3.0175721056048905,-19.541718747472853,75300
-11.27206925801346,-11.435785587684984,-11.353927422849235,8.034441798257639,-3.3194856245915925,-19.38836922110688,75450
-11.48902239830775,-11.43522827857906,-11.462125338443418,8.095029196866397,-3.367096141577018,-19.557154535309824,75600
-11.130491848959693,-11.577301681544004,-11.35389676525186,7.844727220709896,-3.509169544541962,-19.198623985961767,75750
-11.123386336067972,-11.594978756529082,-11.35918254629854,7.857118514648298,-3.5020640316502396,-19.216301060946847,75900
-11.292370284548051,-11.322188885781491,-11.307279585164784,8.078005424262136,-3.2292741609026465,-19.385285009426926,76050
-10.942667966750271,-10.993602006873207,-10.968134986811753,8.067447704817386,-2.9006872819943648,-19.035582691629145,76200
-11.019363366969412,-11.064383793319587,-11.041873580144513,8.070404511703765,-2.971469068440744,-19.112278091848285,76350
-10.66721843240425,-10.97340776177377,-10.820313097089022,7.939820060194093,-2.880493036894926,-18.760133157283125,76500
-10.850501806042963,-11.589877900098525,-11.220189853070757,7.760297511551626,-3.4598923415191285,-18.98048736462239,76650
-10.767482656882718,-11.465669272408688,-11.116575964645715,7.739702772286832,-3.3768731923588824,-18.856278736932556,76800
-11.004271958610827,-11.867809809013854,-11.436040883812352,7.718500734098213,-3.717540149714138,-19.15454161791057,76950
-11.25864962039708,-11.48312161589547,-11.370885618146287,7.662480187655732,-3.7084054304905556,-19.033365805802024,77100
-11.209745622369068,-11.13164135099785,-11.170693486683472,7.511192054220927,-3.659501432462546,-18.681885540904403,77250
-10.837279788787333,-11.28082217483103,-11.059050981809191,7.250368725513469,-3.8086822562957257,-18.309419707322668,77400
-10.655659026533831,-11.655137825245683,-11.155398425889768,7.278341951813757,-3.877056474076013,-18.433740377703533,77550
-11.260921531214267,-11.665183297660858,-11.463052414437573,7.0604970061543755,-4.4025554082832,-18.523549420591955,77700
-11.385650196138226,-11.74812740369586,-11.566888799917056,7.039604726709897,-4.52728407320716,-18.606493526626956,77850
-11.087942872865261,-11.455254290117939,-11.27159858149161,7.037187621862374,-4.234410959629239,-18.30878620335399,78000
-11.389953848713287,-11.348331472274593,-11.369142660493951,6.832720725016688,-4.536421935477268,-18.201863385510645,78150
-11.846247674162516,-11.499261466321418,-11.672754570241977,6.985402640717888,-4.687351929524094,-18.658157210959875,78300
-11.203853572472406,-10.665500084516514,-10.93467682849447,6.889719000660491,-4.044957827833983,-17.82439582915497,78450
-10.918154777724439,-10.716834299790442,-10.817494538757451,6.721202495649545,-4.096292043107909,-17.538697034407004,78600
-11.208971712776439,-10.51923540542449,-10.864103559100476,6.965410410358521,-3.898693148741959,-17.829513969459,78750
-11.853388381558295,-10.069399044409097,-10.961393712983709,6.748980757728925,-4.212412955254788,-17.710374470712637,78900
-11.968836234093137,-9.99919631064085,-10.984016272367006,6.656155464577378,-4.32786080778963,-17.64017173694439,79050
-11.931986804350643,-9.53071246887588,-10.731349636613272,6.792443336258958,-3.938906300354318,-17.523792972872236,79200
-12.228961858640057,-8.904266447897838,-10.566614153268958,6.778264677140998,-3.7883494761279644,-17.34487883040996,79350
-11.902960630974883,-8.600091974968793,-10.251526302971852,6.789178054509062,-3.462348248462792,-17.040704357480916,79500
-12.141013118770012,-8.463110707392744,-10.30206191308139,6.601661176823472,-3.70040073625792,-16.903723089904865,79650
-11.913677037420696,-7.895197196521247,-9.904437116970984,6.431372462062382,-3.473064654908605,-16.335809579033366,79800
-12.303457462119052,-7.876167348512394,-10.089812405315735,6.307483321305926,-3.782329084009811,-16.397295726621664,79950
-12.002329713450168,-7.8292600574554605,-9.915794885452826,6.299801797193298,-3.615993088259531,-16.215596682646122,80100
-11.838180909203816,-8.391939941530955,-10.115060425367398,6.087960914687182,-4.027099510680218,-16.20302134005458,80250
-11.7432909724763,-8.505657970347794,-10.12447447141206,5.983656931915004,-4.140817539497057,-16.108131403327064,80400
-12.177550416356787,-8.314776815991952,-10.246163616174384,5.818700718535018,-4.427462897639364,-16.0648643347094,80550
-12.113831297962829,-8.938022827762827,-10.525927062862843,5.793115812286975,-4.732811250575867,-16.319042875149815,80700
-12.760163082942192,-9.288404716649168,-11.024283899795696,5.941090760333485,-5.083193139462208,-16.96537466012918,80850
-13.088895094733038,-9.271119366594183,-11.180007230663627,5.7680820794105685,-5.411925151253055,-16.94808931007419,81000
-13.366100319655805,-9.425550841739069,-11.395825580697453,5.816408762930999,-5.5794168177664485,-17.21223434362845,81150
-13.48031363677227,-9.50500138775525,-11.492657512263778,5.833790148481139,-5.6588673637826306,-17.32644766074491,81300
-14.163606082884721,-8.995265475840709,-11.579435779362733,5.8207255412923296,-5.758710238070396,-17.400161320655055,81450
-14.080175210403493,-8.848489523947574,-11.464332367175551,5.789053001586377,-5.675279365589165,-17.253385368761922,81600
-14.085448762482972,-8.5866302252252,-11.336039493854102,5.917705172289903,-5.418334321564192,-17.253744666144,81750
-14.26678106473036,-8.789807671261567,-11.528294367995981,5.928627744184394,-5.599666623811581,-17.456922112180372,81900
-13.838392358432838,-8.944580289075901,-11.391486323754386,5.718439447935125,-5.673046875819256,-17.109925771689507,82050
-13.765334940295054,-8.842950233939543,-11.304142587117317,5.704153129435838,-5.599989457681473,-17.00829571655315,82200
-13.855755993600381,-9.454053710816044,-11.654904852208231,5.892555440791121,-5.762349411417103,-17.547460292999347,82350
-13.515455287014156,-9.284969133917938,-11.400212210466066,5.806947375947062,-5.5932648345189975,-17.207159586413123,82500
-13.578263520548864,-9.017661906846747,-11.297962713697824,5.873804421634713,-5.424158292063107,-17.17176713533253,82650
-13.344718871110308,-9.583043783017951,-11.463881327064149,5.9868622145332075,-5.477019112530935,-17.45074354159735,82800
-13.662136457051444,-10.21313493344133,-11.937635695246406,6.091887538215483,-5.8457481570309175,-18.029523233461884,82950
-13.71282603248552,-10.116572296466147,-11.914699164475854,6.165513644420113,-5.749185520055735,-18.08021280889596,83100
-13.699820901265637,-10.304250685124492,-12.002035793195082,6.236848726179601,-5.765187067015477,-18.23888451937468,83250
-13.289491397598777,-9.904739776053724,-11.597115586826272,6.242258023477647,-5.3548575633486175,-17.839373610303912,83400
-13.38225287384978,-10.210328946322209,-11.796290910086013,6.135844176468905,-5.6604467336171025,-17.93213508655491,83550
-13.297500548375272,-10.50948978449669,-11.903495166435999,5.943887594644411,-5.959607571791582,-17.847382761080404,83700
-12.74216307316529,-10.100109243581047,-11.421136158373187,5.870909127497242,-5.55022703087594,-17.292045285870426,83850
-12.907240873029464,-10.249168726597041,-11.578204799813271,5.8789182859213325,-5.6992865138919315,-17.457123085734597,84000
-13.01459765978661,-9.819649133338178,-11.417123396562413,6.110285642228783,-5.306837754333623,-17.52740903879119,84150
-13.173898635264013,-9.52378829484082,-11.348843465052436,6.255998326745117,-5.092845138307312,-17.604841791797547,84300
-12.616735358354925,-9.433248058455492,-11.024991708405228,6.4893098470069965,-4.535681861398224,-17.514301555412217,84450
-12.487930926373348,-9.64004232969165,-11.063986628032518,6.393596817606027,-4.670389810426485,-17.45758344563854,84600
-12.794663594026964,-10.089398089312853,-11.442030841669927,6.464908363589821,-4.977122478080101,-17.906939205259743,84750
-12.915816786811563,-10.221437429395259,-11.568627108103431,6.459465289940916,-5.109161818162507,-18.02809239804434,84900
-12.778459540860004,-10.232206847089849,-11.505333193974943,6.533528621763991,-4.971804572210948,-18.038861815738926,85050
-12.634548537733572,-10.415334243974003,-11.524941390853805,6.617284251296034,-4.907657139557765,-18.142225642149832,85200
-12.211709372974449,-9.998701947782699,-11.10520566037859,6.620387685579945,-4.48481797479864,-17.72559334595853,85350
-12.108154581181974,-10.427721322499124,-11.267937951840567,6.354100602325494,-4.913837349515066,-17.622038554166057,85500
-12.173877031538018,-10.172993995929478,-11.173435513733766,6.397596212258808,-4.775839301474949,-17.57103172599257,85650
-11.645021945454557,-9.857590323422045,-10.751306134438321,6.290870505470793,-4.460435628967518,-17.04217663990911,85800
-11.659120049169674,-9.565938913525645,-10.612529481347678,6.41175125317639,-4.200778228171281,-17.024280734524062,85950
-11.445415066947069,-9.751297762347066,-10.598356414647087,6.394663819461483,-4.203692595185595,-16.993020234108563,86100
-11.545238576879699,-10.248967248762435,-10.897102912821088,6.195740831220112,-4.701362081600966,-17.092843744041193,86250
-11.133011663037687,-10.03814016246146,-10.585575912749594,6.095040917449594,-4.49053499529999,-16.68061683019918,86400
-11.381752418309567,-9.886887537416904,-10.634319977863257,6.180855625989873,-4.453464351873373,-16.81517560385312,86550
-11.309738407773825,-10.246800161385725,-10.778269284579796,6.044713865549337,-4.7335554190304485,-16.822983150129126,86700
-11.262800965158949,-10.548485797796223,-10.905643381477608,5.8704023260366505,-5.035241055440947,-16.77604570751425,86850
-11.525662379201782,-10.580226135594787,-11.052944257398304,5.8563194694203595,-5.196624787977935,-16.909263726818654,87000
-11.919456004204285,-11.0575478540337,-11.48850192911901,5.8980835161385645,-5.590418412980439,-17.38658544525757,87150
-12.215837060436824,-11.11243480475354,-11.664135932595203,6.014513748177965,-5.649622184417228,-17.67864968077316,87300
-12.130564801444677,-11.255060245390828,-11.692812523417775,6.047946602395532,-5.644865921022232,-17.740759125813298,87450
-12.029642051953466,-11.372287151497888,-11.7009646017257,6.157021430194668,-5.543943171531021,-17.85798603192036,87600
-11.939482749278001,-11.097549641675814,-11.518516195476932,6.097737072113165,-5.4207791233637534,-17.616253267590086,87750
-11.563061144355778,-11.28543240719782,-11.424246775776824,6.112414704694824,-5.311832071081986,-17.536661480471636,87900
-11.371643584249494,-11.227570393839978,-11.299606989044758,6.045636931320602,-5.2539700577241435,-17.34524392036535,88050
-11.29593697193878,-10.641256384793214,-10.96859667836602,5.983042970854253,-4.9855537075117535,-16.95163964922026,88200
-10.631073622901262,-10.218530088307974,-10.42480185560464,5.861974444578117,-4.562827411026511,-16.286776300182748,88350
-10.308135671936357,-10.466704937123993,-10.387420304530197,6.14753084446858,-4.2398894600616055,-16.534951148998765,88500
-9.941389832277334,-10.105369320390405,-10.023379576333891,6.144825733005863,-3.8785538433280182,-16.168205309339744,88650
-9.385729460043892,-10.282238985283762,-9.833984222663847,6.170650819793932,-3.663333402869905,-16.004635042457767,88800
-9.053760525529158,-10.637803700990576,-9.845782113259887,5.930968073080018,-3.91481404017986,-15.776750186339893,88950
-9.170469654151669,-10.355196609604196,-9.76283313187795,5.886995326005863,-3.8758378058720795,-15.649828457883803,89100
-10.017507717552533,-10.84630427254834,-10.431905995050457,6.064960526234222,-4.366945468816225,-16.496866521284666,89250
-9.904116068582313,-10.61635309835004,-10.260234583466197,6.006680763620182,-4.2535538198460054,-16.266915347086368,89400
-9.879023990653693,-10.737603458100814,-10.308313724377275,6.07985198245988,-4.228461741917385,-16.388165706837142,89550
-9.914691885787018,-10.403409891454322,-10.15905088862069,6.12420504711413,-4.0348458415065505,-16.283255935734807,89700
-10.277614362901245,-9.729031612177362,-10.003322987539322,6.194111902168853,-3.8092110853704604,-16.197434889708163,89850
-10.12236220921915,-9.91198716668757,-10.017174687953379,6.177761860484045,-3.839412827469325,-16.19493654843741,90000
-9.666776296885127,-9.560167412285825,-9.613471854585493,6.125878781517907,-3.4875930730675786,-15.73935063610339,90150
-9.61797845259233,-9.67402709066009,-9.646002771626227,6.207207542851438,-3.438795228774783,-15.853210314477655,90300
-9.501924524894127,-9.035534009531535,-9.26872926721285,6.207065013643216,-3.061664253569624,-15.475794280856055,90450
-9.269939127614702,-9.337189112786996,-9.303564120200868,6.157290428192538,-3.146273692008321,-15.460854548393394,90600
-9.482059698046445,-9.263125544859122,-9.372592621452801,6.128705655673745,-3.2438869657790472,-15.501298277126534,90750
-10.198087349706087,-9.502494769466411,-9.850291059586267,6.12628047007542,-3.7240105895108377,-15.976571529661676,90900
-9.781084336122142,-9.593776470644174,-9.687430403383175,6.093051147160276,-3.5943792562228913,-15.780481550543438,91050
-9.854367099963278,-9.755746092192457,-9.805056596077884,6.048707718306702,-3.7563488777711735,-15.853764314384575,91200
-9.981421526981517,-10.342673677728214,-10.162047602354882,6.054723077327794,-4.107324525027079,-16.216770679682664,91350
-9.807472435784113,-10.260989146934357,-10.034230791359251,6.008590797126021,-4.02563999423322,-16.042821588485264,91500
-9.884403695162487,-10.512587546822438,-10.198495620992478,5.921257226871168,-4.2772383941213015,-16.119752847863637,91650
-9.901715678704646,-10.697748928398829,-10.299732303551753,5.837332527854052,-4.462399775697694,-16.137064831405795,91800
-10.381707967473549,-10.805657321588015,-10.593682644530798,5.6512905800641935,-4.942392064466596,-16.24497322459498,91950
-10.332679410621026,-10.494882360996588,-10.413780885808825,5.71007745972575,-4.703703426083066,-16.12385834553456,92100
-10.365533178623593,-9.857996304872747,-10.111764741748187,5.642404762199932,-4.469359979548247,-15.754169503948107,92250
-10.383248221882106,-9.803289158630928,-10.093268690256535,5.678615856950098,-4.4146528333064285,-15.771884547206621,92400
-10.561203344072375,-9.698531547412403,-10.129867445742406,5.5372594902457015,-4.592607955496698,-15.667126935988094,92550
-10.74013849980928,-9.559491004578176,-10.149814752193745,5.448972509993927,-4.700842242199812,-15.59878726218766,92700
-10.79403737889994,-9.504060790670799,-10.149049084785387,5.394307963494907,-4.754741121290475,-15.543357048280281,92850
-10.574660265245011,-9.783969222269311,-10.179314743757176,5.489549463273323,-4.68976528048385,-15.66886420703049,93000
-10.506120834849291,-10.083666845915543,-10.294893840382434,5.469947491898141,-4.824946348484289,-15.764841332280565,93150
-10.592349795569378,-9.970730095817903,-10.281539945693655,5.569530347307006,-4.712009598386647,-15.851070293000651,93300
-11.088309236060981,-10.74728580472188,-10.917797520391446,5.436072977001839,-5.481724543389605,-16.353870497393274,93450
-11.159230805186997,-10.860435104429339,-11.009832954808182,5.457186842292561,-5.55264611251562,-16.467019797100733,93600
-10.702774234602252,-10.988711483657692,-10.845742859129986,5.620936816226536,-5.22480604290345,-16.46667967535651,93750
-11.142674073174055,-11.499853188308034,-11.32126363074106,5.585315883187266,-5.735947747553793,-16.90657951392831,93900
-11.171665681833447,-11.846075318581008,-11.508870500207243,5.458119745295559,-6.050750754911682,-16.96699024550279,94050
-11.409707343247266,-12.254140255310446,-11.83192379927887,5.543131382953369,-6.288792416325501,-17.375055182232227,94200
-11.431145527491758,-12.314632383266702,-11.872888955379242,5.523604411097487,-6.349284544281753,-17.39649336647672,94350
-11.594333637863867,-12.509155843844903,-12.0517447408544,5.50793673599444,-6.543808004859958,-17.559681476848827,94500
-11.081955843611432,-11.597449804675627,-11.339702824143544,5.5696712146911285,-5.770031609452414,-16.90937403883466,94650
-10.69586987493668,-11.676437127683789,-11.186153501310248,5.565030575736834,-5.621122925573412,-16.75118407704707,94800
-10.736541581203253,-11.527403257237205,-11.131972419220242,5.512501660061129,-5.619470759159113,-16.64447407928136,94950
-11.042226704281301,-11.275096804267644,-11.158661754274485,5.4539190877933175,-5.704742666481168,-16.612580842067793,95100
-11.027848447976044,-11.404291979427974,-11.216070213702022,5.492701058034312,-5.723369155667711,-16.708771271736325,95250
-11.340066908571146,-11.307422013807747,-11.32374446118946,5.400415453338201,-5.923329007851258,-16.72415991452765,95400
-11.005401652996895,-11.42848041318033,-11.216941033088625,5.614218741821883,-5.602722291266743,-16.831159774910496,95550
-11.128538006224003,-11.732663517400676,-11.430600761812354,5.5236953663252635,-5.906905395487089,-16.954296128137607,95700
-11.672471186952636,-11.8438803000695,-11.758175743511083,5.740053565355168,-6.018122178155912,-17.49822930886624,95850
-12.147080489376352,-11.426713049626123,-11.786896769501253,5.370367865207514,-6.416528904293735,-17.157264634708753,96000
-12.86891704908636,-11.870585012377239,-12.369751030731816,5.509350163686961,-6.86040086704485,-17.879101194418762,96150
-12.859072781293811,-11.802082324923,-12.330577553108421,5.480020953856115,-6.850556599252302,-17.810598506964524,96300
-12.842076558120903,-11.976298805723026,-12.409187681921981,5.575627305842584,-6.833560376079393,-17.98481498776455,96450
-12.96796613056893,-12.203531522024662,-12.585748826296811,5.524955733915778,-7.0607930923810285,-18.11070456021258,96600
-12.444893130136645,-11.675338705885173,-12.060115918010922,5.52751564176938,-6.5326002762415385,-17.58763155978029,96750
-12.512807858849094,-11.698405656305876,-12.105606757577497,5.505091752623509,-6.600515004953986,-17.610698510200997,96900
-12.825338830715788,-11.783900279527844,-12.304619555121828,5.391573578301144,-6.91304597682068,-17.696193133422966,97050
-12.812735265212128,-11.997744883147544,-12.405240074179849,5.278349493739462,-7.12689058044038,-17.683589567919302,97200
-12.461765827829836,-12.59277778850396,-12.527271808166914,5.162793431858502,-7.364478376308403,-17.690065240025405,97350
-12.599715997749016,-12.410894045596267,-12.505305021672656,5.169956575860593,-7.3353484458120555,-17.67526159753324,97500
-12.78307563508199,-12.391189777966833,-12.587132706524425,5.2714885283417985,-7.31564417818262,-17.858621234866217,97650
-13.19149554577416,-12.10215291937516,-12.646824232574673,4.945038334613281,-7.701785897961384,-17.59186256718795,97800
-13.068458354654101,-11.929835629139264,-12.499146991896696,4.9696783841712,-7.529468607725487,-17.46882537606789,97950
-13.13577014278038,-12.058030400040495,-12.59690027141045,5.000119875558678,-7.596780395851764,-17.597020146969122,98100
-12.94304844796957,-12.024115697427744,-12.483582072698669,4.965016074996692,-7.518565997701971,-17.448598147695353,98250
-12.698725735150958,-11.939335780407442,-12.319030757779212,4.885244677097537,-7.433786080681668,-17.20427543487674,98400
-13.090808361925173,-11.345752007818849,-12.218280184872023,5.157164842313232,-7.061115342558784,-17.37544502718525,98550
-13.354505304569717,-11.120428371725898,-12.23746683814782,5.401675131681978,-6.835791706465834,-17.63914196982979,98700
-13.407848248343958,-11.40526147862682,-12.406554863485404,5.517420213245317,-6.889134650240075,-17.923975076730713,98850
-13.880850883876796,-11.577461526305958,-12.729156205091392,5.667821507172167,-7.061334697919217,-18.396977712263553,99000
-13.73784102760679,-11.33737178718486,-12.537606407395838,5.716361448597712,-6.821244958798119,-18.253967855993544,99150
-13.541802850852623,-11.331884603392858,-12.436843727122753,5.621085952116631,-6.815757775006115,-18.05792967923938,99300
-13.614599157072043,-10.821116095418224,-12.217857626245147,5.756855635019706,-6.461001991225435,-17.974713261264846,99450
-13.695413904552693,-11.30984114574135,-12.502627525147034,5.771150704909935,-6.731476820237092,-18.273778230056966,99600
-13.960910581396238,-11.227809243875955,-12.59435991263611,5.944914994264406,-6.649444918371696,-18.53927490690051,99750
-14.04152149362282,-11.191428630494006,-12.616475062058427,6.003410757068671,-6.613064304989748,-18.61988581912709,99900
